publisher,year,set,subset,type,id,side1,strokes,side1p,side2,side2b,side2p,lang
無,其他,部首,一畫,部首,1,乙,1,,也,乙,,
無,其他,部首,一畫,部首,2,一,1,,上,一,,
無,其他,部首,一畫,部首,3,亅,1,,了,亅,,
無,其他,部首,一畫,部首,4,丶,1,,主,丶,,
無,其他,部首,七畫,部首,1,缶,7,,缸,缶,,
無,其他,部首,七畫,部首,2,酉,7,,酒,酉,,
無,其他,部首,七畫,部首,3,里,7,,重,里,,
無,其他,部首,七畫,部首,4,見,7,,見,見,,
無,其他,部首,七畫,部首,5,車,7,,輕,車,,
無,其他,部首,七畫,部首,6,身,7,,身,身,,
無,其他,部首,七畫,部首,7, ⻊,7,足,路,足,,
無,其他,部首,七畫,部首,8,走,7,,起,走,,
無,其他,部首,三畫,部首,1,扌,3,ㄕㄡˇ,拍,手,,
無,其他,部首,三畫,部首,2,工,3,,左,工,,
無,其他,部首,三畫,部首,3,口,3,,右,口,,
無,其他,部首,三畫,部首,4,女,3,,好,女,,
無,其他,部首,三畫,部首,5,夕,3,,多,夕,,
無,其他,部首,三畫,部首,6,己,3,,己,己,,
無,其他,部首,三畫,部首,7,攵,3,撲,放,攴,撲,zh-CN
無,其他,部首,三畫,部首,8,广,3,眼,床,广,眼,
無,其他,部首,三畫,部首,9,弓,3,,弟,弓,,
無,其他,部首,三畫,部首,10,巾,3,,幫,巾,,
無,其他,部首,三畫,部首,11,尢,3,汪,就,尢,汪,
無,其他,部首,三畫,部首,12,宀,3,,完,宀,,
無,其他,部首,三畫,部首,13,囗,3,,園,囗,,
無,其他,部首,三畫,部首,14,凵,3,,出,凵,,
無,其他,部首,三畫,部首,15,彡,3,,彩,彡,,
無,其他,部首,三畫,部首,16,土,3,,在,土,,
無,其他,部首,三畫,部首,17,彳,3,,從,彳,,
無,其他,部首,三畫,部首,18, 阝,3,邑,那,邑,,
無,其他,部首,三畫,部首,19,阝 ,3,阜,陪,阜,,
無,其他,部首,三畫,部首,20,山,3,,山,山,,
無,其他,部首,三畫,部首,21,大,3,,大,大,,
無,其他,部首,三畫,部首,22,氵,3,水,海,水,,
無,其他,部首,三畫,部首,23,子,3,,子,子,,
無,其他,部首,三畫,部首,24,小,3,,小,小,,
無,其他,部首,九畫,部首,1,面,9,,面,面,,
無,其他,部首,九畫,部首,2,音,9,,音,音,,
無,其他,部首,九畫,部首,3,革,9,,鞋,革,,
無,其他,部首,九畫,部首,4,香,9,,香,香,,
無,其他,部首,九畫,部首,5,風,9,,風,風,,
無,其他,部首,九畫,部首,6,頁,9,,頭,頁,,
無,其他,部首,二畫,部首,1,亻,2,ㄖㄣˊ,你,人,,
無,其他,部首,二畫,部首,2,刀,2,,分,刀,,
無,其他,部首,二畫,部首,3,卜,2,,卡,卜,,
無,其他,部首,二畫,部首,4,力,2,,加,力,,
無,其他,部首,二畫,部首,5,亠,2,,享,亠,,
無,其他,部首,二畫,部首,6,儿,2,人,先,儿,人,
無,其他,部首,二畫,部首,7,冂,2,,再,冂,,
無,其他,部首,二畫,部首,8,厶,2,,去,厶,,
無,其他,部首,二畫,部首,9,匕,2,,化,匕,,
無,其他,部首,二畫,部首,10,十,2,,千,十,,
無,其他,部首,二畫,部首,11,又,2,,友,又,,
無,其他,部首,二畫,部首,12,入,2,,兩,入,,
無,其他,部首,五畫,部首,1,白,5,,的,白,,
無,其他,部首,五畫,部首,2,生,5,,生,生,,
無,其他,部首,五畫,部首,3,矢,5,,短,矢,,
無,其他,部首,五畫,部首,4,穴,5,,空,穴,,
無,其他,部首,五畫,部首,5,母,5,毋,每,毋,,
無,其他,部首,五畫,部首,6,比,5,,比,比,,
無,其他,部首,五畫,部首,7, 衤,5,,裡,衣,,
無,其他,部首,五畫,部首,8,禾,5,,秋,禾,,
無,其他,部首,五畫,部首,9,目,5,,看,目,,
無,其他,部首,八畫,部首,1,金,8,,金,金,,
無,其他,部首,八畫,部首,2,非,8,,靠,非,,
無,其他,部首,八畫,部首,3,雨,8,,雲,雨,,
無,其他,部首,八畫,部首,4,長,8,,長,長,,
無,其他,部首,八畫,部首,5,隹,8,,隻,隹,,
無,其他,部首,八畫,部首,6,青,8,,青,青,,
無,其他,部首,八畫,部首,7,門,8,,開,門,,
無,其他,部首,六畫,部首,1,言,6,,誰,言,,
無,其他,部首,六畫,部首,2,自,6,,自,自,,
無,其他,部首,六畫,部首,3,米,7,,糖,米,,
無,其他,部首,六畫,部首,4,舟,6,,船,舟,,
無,其他,部首,六畫,部首,5,襾,6,婭,要,襾,婭,
無,其他,部首,六畫,部首,6,耳,6,,聽,耳,,
無,其他,部首,六畫,部首,7,竹,6,,箏,竹,,
無,其他,部首,六畫,部首,8, 糹,6,糸,紅,糸,,
無,其他,部首,六畫,部首,9,虫,6,毀,蛙,虫,毀,
無,其他,部首,十一畫,部首,1,魚,11,,魚,魚,,
無,其他,部首,十一畫,部首,2,鳥,11,,鳥,鳥,,
無,其他,部首,十一畫,部首,3,麻,11,,麼,麻,,
無,其他,部首,十二畫,部首,1,黑,12,,黑,黑,,
無,其他,部首,十畫,部首,1,馬,10,,馬,馬,,
無,其他,部首,十畫,部首,2,高,10,,高,高,,
無,其他,部首,四畫,部首,1,辶,4,辵,這,辵,,
無,其他,部首,四畫,部首,2,日,4,,是,日,,
無,其他,部首,四畫,部首,3,戈,4,,我,戈,,
無,其他,部首,四畫,部首,4,方,4,,於,方,,
無,其他,部首,四畫,部首,5,片,4,,片,片,,
無,其他,部首,四畫,部首,6,火,4,,燈,火,,
無,其他,部首,四畫,部首,7,⺼,4,肉,脱,肉,,
無,其他,部首,四畫,部首,8,父,4,,爸,父,,
無,其他,部首,四畫,部首,9,止,4,,正,止,,
無,其他,部首,四畫,部首,10,欠,4,,歌,欠,,
無,其他,部首,四畫,部首,11,斤,4,,新,斤,,
無,其他,部首,四畫,部首,12,礻,4,,神,示,,
無,其他,部首,四畫,部首,13,艹,4,,花,艸,,
無,其他,部首,四畫,部首,14,木,4,,朵,木,,
無,其他,部首,四畫,部首,15,𤣩,4,玉,玩,玉,,
無,其他,部首,四畫,部首,16,月,4,,朋,月,,
無,其他,部首,四畫,部首,17,心,4,,心,心,,
康軒,112學年,一年上,第一課,,1,拍,8,,拍,球拍,,
康軒,112學年,一年上,第一課,,2,手,4,,手,雙手,,
康軒,112學年,一年上,第一課,,3,左,5,,左,左手,,
康軒,112學年,一年上,第一課,,4,右,5,,右,右邊,,
康軒,112學年,一年上,第一課,,5,你,7,,你,你們,,
康軒,112學年,一年上,第一課,,6,他,5,,他,他們,,
康軒,112學年,一年上,第一課,,7,也,3,,也,也是,,
康軒,112學年,一年上,第一課,,8,上,3,,上,上樓,,
康軒,112學年,一年上,第一課,,9,下,3,,下,樓下,,
康軒,112學年,一年上,第六課,,1,路,13,,路,路人,,
康軒,112學年,一年上,第六課,,2,長,8,,長,長遠,,
康軒,112學年,一年上,第六課,,3,白,5,,白,白沙,,
康軒,112學年,一年上,第六課,,4,花,8,,花,櫻花,,
康軒,112學年,一年上,第六課,,5,紅,9,,紅,紅包,,
康軒,112學年,一年上,第六課,,6,走,7,,走,走路,,
康軒,112學年,一年上,第六課,,7,在,6,,在,在家,,
康軒,112學年,一年上,第六課,,8,向,6,,向,方向,,
康軒,112學年,一年上,第六課,,9,說,14,,說,說話,,
康軒,112學年,一年上,第六課,,10,朵,6,,朵,一󠇢朵,,
康軒,112學年,一年上,第六課,,11,從,11,,從,跟從,,
康軒,112學年,一年上,第六課,,12,頭,16,,頭,頭髮,,
康軒,112學年,一年上,第六課,,13,那,11,,那,那裡,,
康軒,112學年,一年上,第五課,,1,比,4,,比,比較,,
康軒,112學年,一年上,第五課,,2,門,8,,門,門口,,
康軒,112學年,一年上,第五課,,3,裡,12,,裡,裡面,,
康軒,112學年,一年上,第五課,,4,外,5,,外,外婆,,
康軒,112學年,一年上,第五課,,5,有,6,,有,擁有,,
康軒,112學年,一年上,第五課,,6,什,4,ㄕㄣˇ,什,什麼,,
康軒,112學年,一年上,第五課,,7,麼,14,,麼,怎麼,,
康軒,112學年,一年上,第五課,,8,不,4,,不,不一樣,,
康軒,112學年,一年上,第五課,,9,同,6,,同,同學,,
康軒,112學年,一年上,第五課,,10,早,6,,早,早安,,
康軒,112學年,一年上,第五課,,11,晚,11,,晚,晚上,,
康軒,112學年,一年上,第五課,,12,王,4,,王,君王,,
康軒,112學年,一年上,第五課,,13,主,5,,主,主要,,
康軒,112學年,一年上,第五課,,14,又,2,,又,又是你,,
康軒,112學年,一年上,第四課,,1,子,3,,子󠇡,女孩子󠇡,,
康軒,112學年,一年上,第四課,,2,小,3,,小,小時候,,
康軒,112學年,一年上,第四課,,3,課,15,,課,上課,,
康軒,112學年,一年上,第四課,,4,兩,8,,兩,兩個󠇡,,
康軒,112學年,一年上,第四課,,5,人,2,,人,好人,,
康軒,112學年,一年上,第四課,,6,拉,8,,拉,拉扯,,
康軒,112學年,一年上,第四課,,7,看,9,,看,看書,,
康軒,112學年,一年上,第四課,,8,找,7,,找,尋找,,
康軒,112學年,一年上,第四課,,9,隻,10,,隻,一隻,,
康軒,112學年,一年上,第四課,,10,青,8,,青,瘀青,,
康軒,112學年,一年上,第四課,,11,蛙,12,,蛙,青蛙,,
康軒,112學年,一年上,第四課,,12,開,12,,開,開心,,
康軒,112學年,一年上,第四課,,13,心,4,,心,心情,,
康軒,112學年,一年上,第三課,,1,秋,9,,秋,秋天,,
康軒,112學年,一年上,第三課,,2,千,3,,千,千年,,
康軒,112學年,一年上,第三課,,3,和,8,,和󠇡,我和󠇡你,,
康軒,112學年,一年上,第三課,,4,玩,8,,玩,玩具,,
康軒,112學年,一年上,第三課,,5,陪,11,,陪,陪伴,,
康軒,112學年,一年上,第三課,,6,高,10,,高,高山,,
康軒,112學年,一年上,第三課,,7,山,3,,山,陽明山,,
康軒,112學年,一年上,第三課,,8,到,8,,到,到達,,
康軒,112學年,一年上,第三課,,9,大,3,,大,大概,,
康軒,112學年,一年上,第三課,,10,海,10,,海,大海,,
康軒,112學年,一年上,第三課,,11,朋,8,,朋,朋友,,
康軒,112學年,一年上,第三課,,12,友,4,,友,友善,,
康軒,112學年,一年上,第三課,,13,們,10,,們,我們,,
康軒,112學年,一年上,第三課,,14,起,10,,起,起床,,
康軒,112學年,一年上,第二課,,1,這,11,,這,這裡,,
康軒,112學年,一年上,第二課,,2,是,9,,是,是非,,
康軒,112學年,一年上,第二課,,3,誰,15,,誰,是誰,,
康軒,112學年,一年上,第二課,,4,的,8,,的,好的,,
康軒,112學年,一年上,第二課,,5,我,7,,我,我的,,
康軒,112學年,一年上,第二課,,6,分,4,,分,分開,,
康軒,112學年,一年上,第二課,,7,好,6,,好,很好,,
康軒,112學年,一年上,第二課,,8,了,2,,了,好了,,
康軒,112學年,一年上,第二課,,9,啊,11,,啊,啊󠇡！,,
康軒,112學年,一年上,第二課,,10,多,6,,多,多少,,
康軒,112學年,一年上,第二課,,11,個,10,,個,個人,,
無,其他,生活,114假日,假日,1,元旦,,,元旦,1月1日,,
無,其他,生活,114假日,假日,2,除夕,,,除夕,1月28日,,
無,其他,生活,114假日,假日,3,春節,,,春節,1月29日,,
無,其他,生活,114假日,假日,4,和平紀念日,,,和平紀念日,2月28日,,
無,其他,生活,114假日,假日,5,淸明節,,,淸明節,4月4日,,
無,其他,生活,114假日,假日,6,兒童節,,,兒童節,4月4日,,
無,其他,生活,114假日,假日,7,端午節,,,端午節,5月31日,,
無,其他,生活,114假日,假日,10,教師節,,,教師節,9月28日,,
無,其他,生活,114假日,假日,11,中秋節,,,中秋節,10月6日,,
無,其他,生活,114假日,假日,12,雙十節,,,雙十節,10月10日,,
無,其他,生活,生肖,,1,鼠,,,鼠,鼠年,,
無,其他,生活,生肖,,2,牛,,,牛,牛年,,
無,其他,生活,生肖,,3,虎,,,虎,虎年,,
無,其他,生活,生肖,,4,兔,,,兔,兔年,,
無,其他,生活,生肖,,5,龍,,,龍,龍年,,
無,其他,生活,生肖,,6,蛇,,,蛇,蛇年,,
無,其他,生活,生肖,,7,馬,,,馬,馬年,,
無,其他,生活,生肖,,8,羊,,,羊,羊年,,
無,其他,生活,生肖,,9,猴,,,猴,猴年,,
無,其他,生活,生肖,,10,雞,,,雞,雞年,,
無,其他,生活,生肖,,11,狗,,,狗,狗年,,
無,其他,生活,生肖,,12,豬,,,豬,豬年,,
無,其他,生活,天干數,天干,1,甲,,,甲,第一名,,
無,其他,生活,天干數,天干,2,乙,,,乙,第二名,,
無,其他,生活,天干數,天干,3,丙,,,丙,第三名,,
無,其他,生活,天干數,天干,4,丁,,,丁,第四名,,
無,其他,生活,天干數,天干,5,戊,,,戊,第五名,,
無,其他,生活,天干數,天干,6,己,,,己,第六名,,
無,其他,生活,天干數,天干,7,庚,,,庚,第七名,,
無,其他,生活,天干數,天干,8,辛,,,辛,第八名,,
無,其他,生活,天干數,天干,9,壬,,,壬,第九名,,
無,其他,生活,天干數,天干,10,癸,,,癸,第十名,,
無,其他,生活,大寫數,,1,零,,,零,〇分,,
無,其他,生活,大寫數,,2,壹,,,壹,一分,,
無,其他,生活,大寫數,,3,貳,,,貳,二分,,
無,其他,生活,大寫數,,4,參,,三,參󠇣,三分,,
無,其他,生活,大寫數,,5,肆,,,肆,四分,,
無,其他,生活,大寫數,,6,伍,,,伍,五分,,
無,其他,生活,大寫數,,7,陸,,六,陸󠇡,六分,,
無,其他,生活,大寫數,,8,柒,,,柒,七分,,
無,其他,生活,大寫數,,9,捌,,,捌,八分,,
無,其他,生活,大寫數,,10,玖,,,玖,九分,,
無,其他,生活,大寫數,,11,拾,,,拾,十分,,
無,其他,生活,大寫數,,12,佰,,,佰,100分,,
無,其他,生活,大寫數,,13,仟,,,仟,1000分,,
無,其他,生活,大寫數,,14,萬,,,萬,"10,000分",,
無,其他,生活,大寫數,,15,拾萬,,,拾萬,"100,000分",,
無,其他,生活,大寫數,,16,佰萬,,,佰萬,"1,000,000分",,
無,其他,生活,大寫數,,17,億,,,億,"100,000,000分",,
無,其他,生活,大寫數,,18,兆,,,兆,一萬億,,
無,其他,生活,量詞,,1,個,,,個,一個人,,
無,其他,生活,量詞,,2,塊,,,塊,一塊錢,,
無,其他,生活,量詞,,3,隻,,,隻,一隻鳥,,
無,其他,生活,量詞,,4,本,,,本,一本書,,
無,其他,生活,量詞,,5,輛,,,輛,一輛車,,
無,其他,生活,量詞,,6,瓶,,,瓶,一瓶酒,,
無,其他,生活,量詞,,7,杯,,,杯,一杯水,,
無,其他,生活,量詞,,8,雙,,,雙,一雙鞋,,
無,其他,生活,量詞,,9,件,,,件,一件衣服,,
無,其他,生活,量詞,,10,張,,,張,一張紙,,
無,其他,生活,量詞,,11,碗,,,碗,一碗飯,,
無,其他,生活,量詞,,12,種,,,種,一種蘋果,,
無,其他,生活,量詞,,13,匹,,,匹,一匹馬,,
無,其他,生活,量詞,,14,頭,,,頭,一頭豬,,
無,其他,生活,量詞,,15,條,,,條,一條魚,,
無,其他,生活,量詞,,16,位,,,位,一位客人,,
無,其他,生活,量詞,,17,名,,,名,一名學生,,
無,其他,生活,量詞,,18,些,,,些,一些東西,,
無,其他,生活,量詞,,19,家,,,家,一家公司,,
無,其他,生活,量詞,,20,場,,,場,一場球賽,,
無,其他,生活,量詞,,21,句,,,句,一句話,,
無,其他,生活,量詞,,22,段,,,段,一段時間,,
無,其他,生活,量詞,,23,分,,,分,三分之一,,
無,其他,生活,量詞,,24,處,,,處,兩處錯誤,,
無,其他,生活,量詞,,25,片,,,片,一片土地,,
無,其他,生活,量詞,,26,套,,,套,一套書,,
無,其他,生活,量詞,,27,座,,,座,一座山,,
無,其他,生活,量詞,,28,部,,,部,一部電影,,
無,其他,生活,量詞,,29,則,,,則,一則廣告,,
無,其他,生活,量詞,,30,層,,,層,一層樓,,
無,其他,生活,量詞,,31,樣,,,樣,兩樣點心,,
無,其他,生活,量詞,,32,群,,,群,一群人,,
無,其他,生活,量詞,,33,支,,,支,一支筆,,
無,其他,生活,量詞,,34,篇,,,篇,一篇文章,,
無,其他,生活,量詞,,35,股,,,股,一股香味,,
無,其他,生活,量詞,,36,首,,,首,一首歌,,
無,其他,生活,量詞,,37,顆,,,顆,一顆星星,,
無,其他,生活,量詞,,38,組,,,組,一組遊客,,
無,其他,生活,量詞,,39,盞,,,盞,一盞燈,,
無,其他,生活,量詞,,40,口,,,口,三口人,,
無,其他,生活,量詞,,41,把,,,把,一把刀,,
無,其他,生活,量詞,,42,間,,,間,一間睡房,,
無,其他,生活,量詞,,43,筆,,,筆,一筆錢,,
無,其他,生活,量詞,,44,所,,,所,一所學校,,
無,其他,生活,量詞,,45,對,,,對,一對筷子,,
無,其他,生活,量詞,,46,根,,,根,一根頭髮,,
無,其他,生活,量詞,,47,幅,,,幅,一幅畫,,
無,其他,生活,量詞,,48,道,,,道,一道彩虹,,
無,其他,生活,量詞,,49,撥,,,撥,一撥人,,
無,其他,生活,量詞,,50,隊,,,隊,一隊戰士,,
無,其他,生活,量詞,,51,堆,,,堆,一堆垃圾,,
無,其他,生活,量詞,,52,陣,,,陣,一陣笑聲,,
無,其他,生活,量詞,,53,面,,,面,一面鏡子,,
無,其他,生活,量詞,,54,台,,,台,一台電腦,,
無,其他,生活,量詞,,55,局,,,局,一局象棋,,
無,其他,生活,量詞,,56,棵,,,棵,一棵樹,,
無,其他,生活,量詞,,57,盒,,,盒,一盒糖果,,
無,其他,生活,量詞,,58,戶,,,戶,一戶人家,,
無,其他,生活,量詞,,59,棟,,,棟,一棟樓,,
無,其他,生活,量詞,,60,節,,,節,一節課,,
無,其他,生活,量詞,,61,封,,,封,一封信,,
無,其他,生活,量詞,,62,班,,,班,一班火車,,
無,其他,生活,量詞,,63,盤,,,盤,一盤菜,,
無,其他,生活,量詞,,64,副,,,副,一副眼鏡,,
無,其他,生活,量詞,,65,趟,,,趟,白走一趟,,
無,其他,生活,量詞,,66,團,,,團,一團麵,,
無,其他,生活,量詞,,67,束,,,束,一束花,,
無,其他,生活,量詞,,68,間,,,間,一間睡房,,
無,其他,生活,量詞,,69,架,,,架,一架飛機,,
無,其他,生活,量詞,,70,頓,,,頓,一頓飯,,
無,其他,生活,量詞,,71,壺,,,壺,一壺茶,,
無,其他,生活,量詞,,72,朵,,,朵,一朵花,,
無,其他,生活,量詞,,73,排,,,排,一排椅子,,
無,其他,生活,量詞,,74,份,,,份,一份報紙,,
無,其他,生活,量詞,,75,具,,,具,一具屍體,,
無,其他,生活,量詞,,76,包,,,包,一包米,,
無,其他,生活,量詞,,77,罐,,,罐,一罐果醬,,
無,其他,生活,量詞,,78,粒,,,粒,一粒米,,
無,其他,生活,量詞,,79,卷,,,卷,一卷紙,,
無,其他,生活,量詞,,80,堂,,,堂,一堂課,,
無,其他,生活,量詞,,81,枝,,,枝,一枝梅花,,
無,其他,生活,量詞,,82,桌,,,桌,一桌客人,,
無,其他,生活,量詞,,83,桶,,,桶,一桶油,,
無,其他,生活,量詞,,84,串,,,串,一串葡萄,,
無,其他,生活,量詞,,85,列,,,列,一列火車,,
無,其他,生活,量詞,,86,箱,,,箱,一箱紙,,
無,其他,生活,量詞,,87,扇,,,扇,一扇窗,,
康軒,113學年,二年上,第一課,,1,年,6,,年,年記,,
康軒,113學年,二年上,第一課,,2,希,7,,希,希望,,
康軒,113學年,二年上,第一課,,3,望,11,,望,盼望,,
康軒,113學年,二年上,第一課,,4,坐,7,,坐,坐姿,,
康軒,113學年,二年上,第一課,,5,位,7,,位,位置,,
康軒,113學年,二年上,第一課,,6,本,5,,本,課本,,
康軒,113學年,二年上,第一課,,7,淡,11,,淡,淡水,,
康軒,113學年,二年上,第一課,,8,書,10,,書,書店,,
康軒,113學年,二年上,第一課,,9,老,6,,老,老闆,,
康軒,113學年,二年上,第一課,,10,師,10,,師,律師,,
康軒,113學年,二年上,第一課,,11,以,5,,以,以後,,
康軒,113學年,二年上,第一課,,12,為,9,,為,以為,,
康軒,113學年,二年上,第一課,,13,故,9,,故,故事,,
康軒,113學年,二年上,第一課,,14,用,5,,用,用心,,
康軒,113學年,二年上,第一課,,15,力,2,,力,力量,,
康軒,113學年,二年上,第一課,,16,只,5,ㄓˇ,只,只要,,
康軒,113學年,二年上,第一課,,17,現,11,,現,現在,,
康軒,113學年,二年上,第一課,,18,還,17,,還,還是,,
康軒,113學年,二年上,第一課,,19,聲,17,,聲,歌聲,,
康軒,113學年,二年上,第一課,,20,矮,13,,矮,矮小,,
康軒,113學年,二年上,第十課,,1,冬,5,,冬,冬天,,
康軒,113學年,二年上,第十課,,2,灰,6,,灰,灰心,,
康軒,113學年,二年上,第十課,,3,北,5,,北,臺北,,
康軒,113學年,二年上,第十課,,4,冷,7,,冷,寒冷,,
康軒,113學年,二年上,第十課,,5,飛,9,,飛,飛翔,,
康軒,113學年,二年上,第十課,,6,牠,7,,牠,動物,,
康軒,113學年,二年上,第十課,,7,發,12,ㄈㄚ,發,發現,,
康軒,113學年,二年上,第十課,,8,冒,9,,冒,感冒,,
康軒,113學年,二年上,第十課,,9,煙,13,,煙,煙火,,
康軒,113學年,二年上,第十課,,10,圍,12,,圍,圍巾,,
康軒,113學年,二年上,第十課,,11,飯,12,,飯,白飯,,
康軒,113學年,二年上,第十課,,12,咪,9,,咪,貓咪咪,,
康軒,113學年,二年上,第十課,,13,團,14,,團,團圓,,
康軒,113學年,二年上,第十課,,14,聚,14,,聚,聚會,,
康軒,113學年,二年上,第十課,,15,愉,12,,愉,愉快,,
康軒,113學年,二年上,第十課,,16,火,4,,火,火災,,
康軒,113學年,二年上,第十課,,17,鍋,17,,鍋,火鍋,,
康軒,113學年,二年上,第十課,,18,妙,7,,妙,美妙,,
康軒,113學年,二年上,第十課,,19,鼓,13,,鼓,打鼓,,
康軒,113學年,二年上,第十課,,20,聊,11,,聊,無聊,,
康軒,113學年,二年上,第六課,,1,鎮,18,,鎮,城鎮,,
康軒,113學年,二年上,第六課,,2,餅,14,,餅,餅乾,,
康軒,113學年,二年上,第六課,,3,節,13,,節,節日,,
康軒,113學年,二年上,第六課,,4,活,9,,活,活動,,
康軒,113學年,二年上,第六課,,5,進,12,,進,進步,,
康軒,113學年,二年上,第六課,,6,排,11,,排,排隊,,
康軒,113學年,二年上,第六課,,7,遠,14,,遠,遙遠,,
康軒,113學年,二年上,第六課,,8,籃,20,,籃,籃框,,
康軒,113學年,二年上,第六課,,9,近,8,,近,靠近,,
康軒,113學年,二年上,第六課,,10,愛,13,,愛,愛心,,
康軒,113學年,二年上,第六課,,11,月,4,,月,月亮,,
康軒,113學年,二年上,第六課,,12,乾,11,ㄍㄢ,乾,果乾,,
康軒,113學年,二年上,第六課,,13,甜,11,,甜,甜蜜,,
康軒,113學年,二年上,第六課,,14,客,9,,客,客人,,
康軒,113學年,二年上,第六課,,15,買,12,,買,買賣,,
康軒,113學年,二年上,第六課,,16,親,16,,親,親切,,
康軒,113學年,二年上,第六課,,17,如,6,,如,如果,,
康軒,113學年,二年上,第六課,,18,意,13,,意,意思,,
康軒,113學年,二年上,第六課,,19,柿,9,,柿,柿子,,
康軒,113學年,二年上,第六課,,20,埔,10,,埔,北埔,,
康軒,113學年,二年上,第七課,,1,衣,6,,衣,衣服,,
康軒,113學年,二年上,第七課,,2,胖,9,,胖,肥胖,,
康軒,113學年,二年上,第七課,,3,針,10,,針,時針,,
康軒,113學年,二年上,第七課,,4,簡,18,,簡,簡單,,
康軒,113學年,二年上,第七課,,5,單,12,,單,孤單,,
康軒,113學年,二年上,第七課,,6,聰,17,,聰,聰明,,
康軒,113學年,二年上,第七課,,7,明,8,,明,明亮,,
康軒,113學年,二年上,第七課,,8,臣,6,,臣,臣服,,
康軒,113學年,二年上,第七課,,9,敢,12,,敢,勇敢,,
康軒,113學年,二年上,第七課,,10,東,8,,東,東西,,
康軒,113學年,二年上,第七課,,11,西,6,,西,西方,,
康軒,113學年,二年上,第七課,,12,直,8,,直,直線,,
康軒,113學年,二年上,第七課,,13,棒,12,,棒,球棒,,
康軒,113學年,二年上,第七課,,14,街,12,,街,逛街,,
康軒,113學年,二年上,第七課,,15,滿,14,,滿,滿意,,
康軒,113學年,二年上,第七課,,16,眼,11,,眼,眼鏡,,
康軒,113學年,二年上,第七課,,17,哪,10,,哪,轉哪轉,,
康軒,113學年,二年上,第七課,,18,思,9,,思,思考,,
康軒,113學年,二年上,第七課,,19,裳󠇡,14,ㄕㄤ˙,裳󠇡,衣裳󠇡,,
康軒,113學年,二年上,第七課,,20,慌,13,,慌,慌張,,
康軒,113學年,二年上,第十一課,,1,皮,5,,皮,皮膚,,
康軒,113學年,二年上,第十一課,,2,色,6,,色,顏色,,
康軒,113學年,二年上,第十一課,,3,具,8,,具,玩具,,
康軒,113學年,二年上,第十一課,,4,者,8,,者,忍者,,
康軒,113學年,二年上,第十一課,,5,洋,9,,洋,海洋,,
康軒,113學年,二年上,第十一課,,6,寒,12,,寒,寒冷,,
康軒,113學年,二年上,第十一課,,7,嘴,16,,嘴,嘴巴,,
康軒,113學年,二年上,第十一課,,8,伸,7,,伸,伸展,,
康軒,113學年,二年上,第十一課,,9,飽,13,,飽,飽足,,
康軒,113學年,二年上,第十一課,,10,泥,8,,泥,泥土,,
康軒,113學年,二年上,第十一課,,11,沙,7,,沙,沙灘,,
康軒,113學年,二年上,第十一課,,12,慌,13,,慌,慌張,,
康軒,113學年,二年上,第十一課,,13,服,8,,服,佩服,,
康軒,113學年,二年上,第十一課,,14,翅,10,,翅,雞翅,,
康軒,113學年,二年上,第十一課,,15,膀,14,,膀,肩膀,,
康軒,113學年,二年上,第十一課,,16,充,5,,充,充電,,
康軒,113學年,二年上,第十一課,,17,等,12,,等,等待,,
康軒,113學年,二年上,第十一課,,18,念,8,,念,想念,,
康軒,113學年,二年上,第十一課,,19,戴,17,,戴,戴口罩,,
康軒,113學年,二年上,第十一課,,20,扁,9,,扁,扁擔,,
康軒,113學年,二年上,第八課,,1,渴,12,,渴,口渴,,
康軒,113學年,二年上,第八課,,2,烏,10,,烏,烏雲,,
康軒,113學年,二年上,第八課,,3,喝,12,,喝,喝水,,
康軒,113學年,二年上,第八課,,4,瓶,11,,瓶,花瓶,,
康軒,113學年,二年上,第八課,,5,法,8,,法,辦法,,
康軒,113學年,二年上,第八課,,6,森,12,,森,森林,,
康軒,113學年,二年上,第八課,,7,林,8,,林,山林,,
康軒,113學年,二年上,第八課,,8,物,8,,物,動物,,
康軒,113學年,二年上,第八課,,9,旅,10,,旅,旅行,,
康軒,113學年,二年上,第八課,,10,行,6,,行,行人,,
康軒,113學年,二年上,第八課,,11,午,4,,午,午餐,,
康軒,113學年,二年上,第八課,,12,裝,13,,裝,裝潢,,
康軒,113學年,二年上,第八課,,13,許,11,,許,許多,,
康軒,113學年,二年上,第八課,,14,石,5,,石,寶石,,
康軒,113學年,二年上,第八課,,15,難,19,,難,難忘,,
康軒,113學年,二年上,第八課,,16,忘,7,,忘,忘記,,
康軒,113學年,二年上,第八課,,17,哈,9,,哈,笑哈哈,,
康軒,113學年,二年上,第八課,,18,但,7,,但,但是,,zh-CN
康軒,113學年,二年上,第八課,,19,熊,14,,熊,黑熊,,
康軒,113學年,二年上,第八課,,20,鴉,15,,鴉,烏鴉,,
康軒,113學年,二年上,第四課,,1,運,13,,運,運動,,
康軒,113學年,二年上,第四課,,2,動,11,,動,動作,,
康軒,113學年,二年上,第四課,,3,飄,20,,飄,飄揚,,
康軒,113學年,二年上,第四課,,4,熱,15,,熱,炎熱,,
康軒,113學年,二年上,第四課,,5,鬧,15,,鬧,鬧區,,
康軒,113學年,二年上,第四課,,6,舞,14,,舞,跳舞,,
康軒,113學年,二年上,第四課,,7,哇,9,,哇,好哇,,
康軒,113學年,二年上,第四課,,8,往,8,,往,往前,,
康軒,113學年,二年上,第四課,,9,容,10,,容,容易,,
康軒,113學年,二年上,第四課,,10,步,7,,步,跑步,,
康軒,113學年,二年上,第四課,,11,汗,6,,汗,汗水,,
康軒,113學年,二年上,第四課,,12,腳,13,,腳,腳踏車,,
康軒,113學年,二年上,第四課,,13,協,8,,協,協助,,
康軒,113學年,二年上,第四課,,14,聲,17,,聲,聲音,,
康軒,113學年,二年上,第四課,,15,河,8,,河,河流,,
康軒,113學年,二年上,第四課,,16,氣,10,,氣,生氣,,
康軒,113學年,二年上,第四課,,17,最,12,,最,最好,,
康軒,113學年,二年上,第四課,,18,可,5,,可,可愛,,
康軒,113學年,二年上,第四課,,19,賽,17,,賽,比賽,,
康軒,113學年,二年上,第四課,,20,拔,8,,拔,拔河,,
康軒,113學年,二年上,第十二課,,1,雪,11,,雪,白雪,,
康軒,113學年,二年上,第十二課,,2,梨,11,,梨,水梨,,
康軒,113學年,二年上,第十二課,,3,夜,8,,夜,半晚,,
康軒,113學年,二年上,第十二課,,4,卻,9,,卻,卻是,,
康軒,113學年,二年上,第十二課,,5,因,6,,因,因為,,
康軒,113學年,二年上,第十二課,,6,臺,14,,臺,臺灣,,
康軒,113學年,二年上,第十二課,,7,季,8,,季,季節,,
康軒,113學年,二年上,第十二課,,8,相,9,,相,互相,,
康軒,113學年,二年上,第十二課,,9,反,4,,反,唱反調,,
康軒,113學年,二年上,第十二課,,10,吹,7,,吹,吹牛,,
康軒,113學年,二年上,第十二課,,11,待,9,,待,等待,,
康軒,113學年,二年上,第十二課,,12,綻,14,,綻,綻放,,
康軒,113學年,二年上,第十二課,,13,雖,17,,雖,雖然,,
康軒,113學年,二年上,第十二課,,14,春,9,,春,春節,,
康軒,113學年,二年上,第十二課,,15,貨,11,,貨,百貨,,
康軒,113學年,二年上,第十二課,,16,期,12,,期,期待,,
康軒,113學年,二年上,第十二課,,17,敬,13,,敬,尊敬,,
康軒,113學年,二年上,第十二課,,18,孫,10,,孫,孫女,,
康軒,113學年,二年上,第十二課,,19,跨,13,,跨,跨年,,
康軒,113學年,二年上,第十二課,,20,灣,25,,灣,峽灣,,
康軒,113學年,二年上,第五課,,1,木,4,,木,樹木,,
康軒,113學年,二年上,第五課,,2,偶,11,,偶,偶像,,
康軒,113學年,二年上,第五課,,3,鄉,12,,鄉,鄉村,,
康軒,113學年,二年上,第五課,,4,南,9,,南,南方,,
康軒,113學年,二年上,第五課,,5,暑,12,,暑,中暑,,
康軒,113學年,二年上,第五課,,6,假,11,,假,放假,,
康軒,113學年,二年上,第五課,,7,帶,11,,帶,皮帶,,
康軒,113學年,二年上,第五課,,8,池,6,,池,游泳池,,
康軒,113學年,二年上,第五課,,9,牛,4,,牛,水牛,,
康軒,113學年,二年上,第五課,,10,旁,10,,旁,旁邊,,
康軒,113學年,二年上,第五課,,11,邊,19,,邊,窗邊,,
康軒,113學年,二年上,第五課,,12,演,14,,演,演員,,
康軒,113學年,二年上,第五課,,13,叫,5,,叫,尖叫,,
康軒,113學年,二年上,第五課,,14,原,10,,原,原因,,
康軒,113學年,二年上,第五課,,15,站,10,,站,站立,,
康軒,113學年,二年上,第五課,,16,竿,9,,竿,竹竿,,
康軒,113學年,二年上,第五課,,17,田,5,,田,農田,,
康軒,113學年,二年上,第五課,,18,識,19,,識,認識,,
康軒,113學年,二年上,第五課,,19,簾,19,,簾,窗簾,,
康軒,113學年,二年上,第五課,,20,塘,13,,塘,池塘,,
康軒,113學年,二年上,第九課,,1,象,12,,象,大象,,
康軒,113學年,二年上,第九課,,2,操,16,,操,操場,,
康軒,113學年,二年上,第九課,,3,粗,11,,粗,粗心,,
康軒,113學年,二年上,第九課,,4,腿,14,,腿,大腿,,
康軒,113學年,二年上,第九課,,5,柱,9,,柱,支柱,,
康軒,113學年,二年上,第九課,,6,砍,9,,砍,砍樹,,
康軒,113學年,二年上,第九課,,7,幾,12,,幾,幾歲,,
康軒,113學年,二年上,第九課,,8,部,11,,部,部分,,
康軒,113學年,二年上,第九課,,9,搖,13,,搖,搖頭,,
康軒,113學年,二年上,第九課,,10,沖,7,,沖,沖澡,,
康軒,113學年,二年上,第九課,,11,首,9,,首,首先,,
康軒,113學年,二年上,第九課,,12,牽,11,,牽,牽手,,
康軒,113學年,二年上,第九課,,13,沉,7,,沉,沉默,,
康軒,113學年,二年上,第九課,,14,少,4,,少,多少,,
康軒,113學年,二年上,第九課,,15,沿,8,,沿,沿著,,
康軒,113學年,二年上,第九課,,16,然,12,,然,然後,,
康軒,113學年,二年上,第九課,,17,紀,9,,紀,世紀,,
康軒,113學年,二年上,第九課,,18,竟,11,,竟,究竟,,
康軒,113學年,二年上,第九課,,19,曹,11,,曹,曹先生,,
康軒,113學年,二年上,第九課,,20,秤,10,,秤,秤重,,
康軒,113學年,二年上,第二課,,1,全,6,,全,全家,,
康軒,113學年,二年上,第二課,,2,蛋,11,,蛋,雞蛋,,
康軒,113學年,二年上,第二課,,3,煎,13,,煎,煎菜,,
康軒,113學年,二年上,第二課,,4,圓,13,,圓,圓形,,
康軒,113學年,二年上,第二課,,5,番,12,,番,番薯,,
康軒,113學年,二年上,第二課,,6,茄,9,,茄,茄子,,
康軒,113學年,二年上,第二課,,7,切,4,,切,切刀,,
康軒,113學年,二年上,第二課,,8,輪,15,,輪,車輪,,
康軒,113學年,二年上,第二課,,9,司,5,,司,公司,,
康軒,113學年,二年上,第二課,,10,夾,7,,夾,髮夾,,
康軒,113學年,二年上,第二課,,11,吐,6,,吐,吐司,,
康軒,113學年,二年上,第二課,,12,中,4,,中,中間,,
康軒,113學年,二年上,第二課,,13,方,4,,方,方便,,
康軒,113學年,二年上,第二課,,14,城,9,,城,城市,,
康軒,113學年,二年上,第二課,,15,堡,12,,堡,城堡,,
康軒,113學年,二年上,第二課,,16,接,11,,接,接送,,
康軒,113學年,二年上,第二課,,17,畫,12,,畫,畫家,,
康軒,113學年,二年上,第二課,,18,臉,17,,臉,臉龐,,
康軒,113學年,二年上,第二課,,19,餐,16,,餐,餐廳,,
康軒,113學年,二年上,第二課,,20,醬,18,,醬,醬油,,
康軒,113學年,二年上,第三課,,1,巷,9,,巷,巷口,,
康軒,113學年,二年上,第三課,,2,叔,8,,叔,叔公,,
康軒,113學年,二年上,第三課,,3,貓,16,,貓,貓咪,,
康軒,113學年,二年上,第三課,,4,屋,9,,屋,房屋,,
康軒,113學年,二年上,第三課,,5,捧,11,,捧,捧花,,
康軒,113學年,二年上,第三課,,6,蝴,15,,蝴,蝴蝶,,
康軒,113學年,二年上,第三課,,7,蝶,15,,蝶,蝴蝶,,
康軒,113學年,二年上,第三課,,8,忙,6,,忙,忙碌,,
康軒,113學年,二年上,第三課,,9,娶,11,,娶,嫁娶,,
康軒,113學年,二年上,第三課,,10,娘,10,,娘,姑娘,,
康軒,113學年,二年上,第三課,,11,黃,12,,黃,蛋黃,,
康軒,113學年,二年上,第三課,,12,筆,12,,筆,鋼筆,,
康軒,113學年,二年上,第三課,,13,打,5,,打,打工,,
康軒,113學年,二年上,第三課,,14,扮,7,,扮,扮鬼臉,,
康軒,113學年,二年上,第三課,,15,樣,15,,樣,不一樣,,
康軒,113學年,二年上,第三課,,16,越,12,,越,越南,,
康軒,113學年,二年上,第三課,,17,美,9,,美,美麗,,
康軒,113學年,二年上,第三課,,18,麗,19,,麗,華麗,,
康軒,113學年,二年上,第三課,,19,牆,17,,牆,圍牆,,
康軒,113學年,二年上,第三課,,20,模,15,,模,模型,,
康軒,112學年,注音,韻母,注音,1,ㄧ,,,ㄧ,蜥蜴,,
康軒,112學年,注音,韻母,注音,2,ㄨ,,,ㄨ,烏鴉,,
康軒,112學年,注音,韻母,注音,3,ㄩ,,,ㄩ,金魚,,
康軒,112學年,注音,韻母,注音,4,ㄚ,,,ㄚ,鯊魚,,
康軒,112學年,注音,韻母,注音,5,ㄛ,,,ㄛ,土撥鼠,,
康軒,112學年,注音,韻母,注音,6,ㄜ,,,ㄜ,天鵝,,
康軒,112學年,注音,韻母,注音,7,ㄝ,,,ㄝ,野狼,,
康軒,112學年,注音,韻母,注音,8,ㄞ,,,ㄞ,海豚,,
康軒,112學年,注音,韻母,注音,9,ㄟ,,,ㄟ,黑面琵鷺,,
康軒,112學年,注音,韻母,注音,10,ㄠ,,,ㄠ,毛毛蟲,,
康軒,112學年,注音,韻母,注音,11,ㄡ,,,ㄡ,海鷗,,
康軒,112學年,注音,韻母,注音,12,ㄢ,,,ㄢ,山羊,,
康軒,112學年,注音,韻母,注音,13,ㄣ,,,ㄣ,糞金龜,,
康軒,112學年,注音,韻母,注音,14,ㄤ,,,ㄤ,螳螂,,
康軒,112學年,注音,韻母,注音,15,ㄥ,,,ㄥ,蜜蜂,,
康軒,112學年,注音,韻母,注音,16,ㄦ,,,ㄦ,耳朵󠇡,,
康軒,112學年,注音,結合,注音,1,ㄧㄚ,,,ㄧㄚ,鴨子,,
康軒,112學年,注音,結合,注音,2,ㄧㄛ,,,ㄧㄛ,哎唷,,
康軒,112學年,注音,結合,注音,3,ㄧㄝ,,,ㄧㄝ,夜鶯,,zh-CN
康軒,112學年,注音,結合,注音,4,ㄧㄞ,,,ㄧㄞ,山崖,,
康軒,112學年,注音,結合,注音,5,ㄧㄠ,,,ㄧㄠ,瓢蟲,,
康軒,112學年,注音,結合,注音,6,ㄧㄡ,,,ㄧㄡ,魷魚,,
康軒,112學年,注音,結合,注音,7,ㄧㄢ,,,ㄧㄢ,綿羊,,
康軒,112學年,注音,結合,注音,8,ㄧㄣ,,,ㄧㄣ,蚯蚓,,
康軒,112學年,注音,結合,注音,9,ㄧㄤ,,,ㄧㄤ,大象,,
康軒,112學年,注音,結合,注音,10,ㄧㄥ,,,ㄧㄥ,鸚鵡,,
康軒,112學年,注音,結合,注音,11,ㄨㄚ,,,ㄨㄚ,蝸牛,,zh-CN
康軒,112學年,注音,結合,注音,12,ㄨㄛ,,,ㄨㄛ,駱駝,,zh-CN
康軒,112學年,注音,結合,注音,13,ㄨㄞ,,,ㄨㄞ,蟋蟀,,zh-CN
康軒,112學年,注音,結合,注音,14,ㄨㄟ,,,ㄨㄟ,海龜,,zh-CN
康軒,112學年,注音,結合,注音,15,ㄨㄢ,,,ㄨㄢ,浣熊,,zh-CN
康軒,112學年,注音,結合,注音,16,ㄨㄣ,,,ㄨㄣ,蚊子,,zh-CN
康軒,112學年,注音,結合,注音,17,ㄨㄤ,,,ㄨㄤ,黃牛,,zh-CN
康軒,112學年,注音,結合,注音,18,ㄨㄥ,,,ㄨㄥ,白頭翁,,zh-CN
康軒,112學年,注音,結合,注音,19,ㄩㄝ,,,ㄩㄝ,孔雀,,zh-CN
康軒,112學年,注音,結合,注音,20,ㄩㄢ,,,ㄩㄢ,鴛鴦,,zh-CN
康軒,112學年,注音,結合,注音,21,ㄩㄣ,,,ㄩㄣ,馴鹿,,zh-CN
康軒,112學年,注音,結合,注音,22,ㄩㄥ,,,ㄩㄥ,黑熊,,zh-CN
康軒,112學年,注音,聲符,注音,1,ㄅ,,,ㄅ,斑馬,,zh-CN
康軒,112學年,注音,聲符,注音,2,ㄆ,,,ㄆ,螃蟹,,zh-CN
康軒,112學年,注音,聲符,注音,3,ㄇ,,,ㄇ,螞蟻,,zh-CN
康軒,112學年,注音,聲符,注音,4,ㄈ,,,ㄈ,飛鼠,,zh-CN
康軒,112學年,注音,聲符,注音,5,ㄉ,,,ㄉ,袋鼠,,
康軒,112學年,注音,聲符,注音,6,ㄊ,,,ㄊ,鴕鳥,,
康軒,112學年,注音,聲符,注音,7,ㄋ,,,ㄋ,小鳥,,
康軒,112學年,注音,聲符,注音,8,ㄌ,,,ㄌ,梅花鹿,,
康軒,112學年,注音,聲符,注音,9,ㄍ,,,ㄍ,鴿子,,
康軒,112學年,注音,聲符,注音,10,ㄎ,,,ㄎ,蝌蚪,,
康軒,112學年,注音,聲符,注音,11,ㄏ,,,ㄏ,河豚,,
康軒,112學年,注音,聲符,注音,12,ㄐ,,,ㄐ,公雞,,
康軒,112學年,注音,聲符,注音,13,ㄑ,,,ㄑ,企鵝,,
康軒,112學年,注音,聲符,注音,14,ㄒ,,,ㄒ,犀牛,,
康軒,112學年,注音,聲符,注音,15,ㄓ,,,ㄓ,蜘蛛,,
康軒,112學年,注音,聲符,注音,16,ㄔ,,,ㄔ,長頸鹿,,
康軒,112學年,注音,聲符,注音,17,ㄕ,,,ㄕ,獅子,,
康軒,112學年,注音,聲符,注音,18,ㄖ,,,ㄖ,乳牛,,
康軒,112學年,注音,聲符,注音,19,ㄗ,,,ㄗ,烏賊,,
康軒,112學年,注音,聲符,注音,20,ㄘ,,,ㄘ,刺蝟,,
康軒,112學年,注音,聲符,注音,21,ㄙ,,,ㄙ,鷺鷥,,
康軒,112學年,一年下,第四課,,1,鞋,15,,鞋,皮鞋,,
康軒,112學年,一年下,第四課,,2,回,6,,回,回答,,
康軒,112學年,一年下,第四課,,3,家,10,,家,家庭,,
康軒,112學年,一年下,第四課,,4,把,7,,把,手把,,
康軒,112學年,一年下,第四課,,5,脫,11,,脫,脫鞋子,,
康軒,112學年,一年下,第四課,,6,爸,8,,爸,爸爸,,
康軒,112學年,一年下,第四課,,7,靠,15,,靠,椅靠,,
康軒,112學年,一年下,第四課,,8,見,7,,見,好久不見,,
康軒,112學年,一年下,第四課,,9,像,14,,像,好像,,
康軒,112學年,一年下,第四課,,10,船,11,,船,船槳,,
康軒,112學年,一年下,第四課,,11,港,12,,港,港口,,
康軒,112學年,一年下,第四課,,12,口,3,,口,巷口,,
康軒,112學年,一年下,第四課,,13,享,8,,享,享受,,
康軒,112學年,一年下,第四課,,14,受,8,,受,忍受,,
康軒,112學年,一年下,第四課,,15,溫,13,,溫,溫度,,
康軒,112學年,一年下,第四課,,16,暖,13,,暖,春暖花開,,
康軒,112學年,一年下,第十二課,,1,想,13,,想,想法,,
康軒,112學年,一年下,第十二課,,2,燈,16,,燈,燈籠,,
康軒,112學年,一年下,第十二課,,3,前,9,,前,前天,,
康軒,112學年,一年下,第十二課,,4,點,17,,點,點心,,
康軒,112學年,一年下,第十二課,,5,半,5,,半,半天,,
康軒,112學年,一年下,第十二課,,6,清,11,,清,清明,,
康軒,112學年,一年下,第十二課,,7,楚,13,,楚,清楚,,
康軒,112學年,一年下,第十二課,,8,停,11,,停,停車,,
康軒,112學年,一年下,第十二課,,9,休,6,,休,休息,,
康軒,112學年,一年下,第十二課,,10,息,10,,息,消息,,
康軒,112學年,一年下,第十二課,,11,兒,8,,兒,兒子,,
康軒,112學年,一年下,第十二課,,12,吧,7,,吧,好吧,,
康軒,112學年,一年下,第十二課,,13,幫,17,,幫,幫忙,,
康軒,112學年,一年下,第十二課,,14,加,5,,加,加油,,
康軒,112學年,一年下,第十二課,,15,油,8,,油,油漆,,
康軒,112學年,一年下,第十二課,,16,慢,14,,慢,慢跑,,
康軒,112學年,一年下,第八課,,1,妹,8,,妹,妹妹󠇡,,
康軒,112學年,一年下,第八課,,2,雨,8,,雨,雨傘,,
康軒,112學年,一年下,第八課,,3,雙,18,,雙,一雙,,
康軒,112學年,一年下,第八課,,4,穿,9,,穿,穿著,,
康軒,112學年,一年下,第八課,,5,滴,14,,滴,滴水穿石,,
康軒,112學年,一年下,第八課,,6,遊,13,,遊,旅遊,,
康軒,112學年,一年下,第八課,,7,戲,17,,戲,戲劇,,
康軒,112學年,一年下,第八課,,8,顆,17,,顆,一顆球,,
康軒,112學年,一年下,第八課,,9,珍,9,,珍,珍惜,,
康軒,112學年,一年下,第八課,,10,珠,10,,珠,珠寶,,
康軒,112學年,一年下,第八課,,11,落,13,,落,降落,,
康軒,112學年,一年下,第八課,,12,面,9,,面,面紙,,
康軒,112學年,一年下,第八課,,13,魚,11,,魚,鮭魚,,
康軒,112學年,一年下,第八課,,14,缸,9,,缸,浴缸,,
康軒,112學年,一年下,第八課,,15,金,8,,金,黃金,,
康軒,112學年,一年下,第八課,,16,游,12,,游,游泳,,
康軒,112學年,一年下,第九課,,1,彩,11,,彩,彩色筆,,
康軒,112學年,一年下,第九課,,2,虹,9,,虹,彩虹,,
康軒,112學年,一年下,第九課,,3,太,4,,太,太陽,,
康軒,112學年,一年下,第九課,,4,國,11,,國,國王,,
康軒,112學年,一年下,第九課,,5,掃,11,,掃,掃地,,
康軒,112學年,一年下,第九課,,6,除,10,,除,除非,,
康軒,112學年,一年下,第九課,,7,洗,9,,洗,洗澡,,
康軒,112學年,一年下,第九課,,8,淨,11,,淨,乾淨,,
康軒,112學年,一年下,第九課,,9,馬,10,,馬,馬上,,
康軒,112學年,一年下,第九課,,10,低,7,,低,低下,,
康軒,112學年,一年下,第九課,,11,刷,8,,刷,刷牙,,
康軒,112學年,一年下,第九課,,12,樹,16,,樹,樹木,,
康軒,112學年,一年下,第九課,,13,葉,13,,葉,樹葉,,
康軒,112學年,一年下,第九課,,14,很,9,,很,很多,,
康軒,112學年,一年下,第九課,,15,認,14,,認,認真,,
康軒,112學年,一年下,第九課,,16,送,10,,送,送貨,,
康軒,112學年,一年下,第五課,,1,種,14,,種,種子,,
康軒,112學年,一年下,第五課,,2,問,11,,問,問題,,
康軒,112學年,一年下,第五課,,3,怎,9,,怎,怎麼了,,
康軒,112學年,一年下,第五課,,4,做,11,,做,做事,,
康軒,112學年,一年下,第五課,,5,它,5,,它,它們,,
康軒,112學年,一年下,第五課,,6,才,3,,才,才華,,
康軒,112學年,一年下,第五課,,7,需,14,,需,需要,,
康軒,112學年,一年下,第五課,,8,於,8,,於,終於,,
康軒,112學年,一年下,第五課,,9,澆,15,,澆,澆花,,
康軒,112學年,一年下,第五課,,10,陽,12,,陽,太陽,,
康軒,112學年,一年下,第五課,,11,光,6,,光,亮光,,
康軒,112學年,一年下,第五課,,12,放,8,,放,放假,,
康軒,112學年,一年下,第五課,,13,院,10,,院,醫院,,
康軒,112學年,一年下,第五課,,14,公,4,,公,公司,,
康軒,112學年,一年下,第五課,,15,話,13,,話,說話,,
康軒,112學年,一年下,第五課,,16,伴,7,,伴,陪伴,,
康軒,112學年,一年下,第二課,,1,園,13,,園,公園,,
康軒,112學年,一年下,第二課,,2,聽,22,,聽,聽力,,
康軒,112學年,一年下,第二課,,3,沒,7,,沒,沒有,,
康軒,112學年,一年下,第二課,,4,正,5,,正,正常,,
康軒,112學年,一年下,第二課,,5,唱,11,,唱,唱歌,,
康軒,112學年,一年下,第二課,,6,著,12,ㄓㄜ˙,著,看著,,zh-CN
康軒,112學年,一年下,第二課,,7,輕,14,,輕,輕鬆,,
康軒,112學年,一年下,第二課,,8,快,7,,快,快樂,,
康軒,112學年,一年下,第二課,,9,歌,14,,歌,歌聲,,
康軒,112學年,一年下,第二課,,10,出,5,,出,出口,,
康軒,112學年,一年下,第二課,,11,新,13,,新,新年,,
康軒,112學年,一年下,第二課,,12,芽,8,,芽,發芽,,
康軒,112學年,一年下,第二課,,13,聞,14,,聞,新聞,,
康軒,112學年,一年下,第二課,,14,身,7,,身,身體,,
康軒,112學年,一年下,第二課,,15,香,9,,香,香氛,,
康軒,112學年,一年下,第二課,,16,呢,8,,呢,什麼呢,,
康軒,112學年,一年下,第三課,,1,媽,13,,媽,媽媽,,
康軒,112學年,一年下,第三課,,2,音,9,,音,音樂,,
康軒,112學年,一年下,第三課,,3,樂,15,月,樂󠇡,樂󠇡器,,
康軒,112學年,一年下,第三課,,4,會,13,,會,開會,,
康軒,112學年,一年下,第三課,,5,始,8,,始,開始,,
康軒,112學年,一年下,第三課,,6,來,8,,來,從來,,
康軒,112學年,一年下,第三課,,7,重,9,,重,沉重,,
康軒,112學年,一年下,第三課,,8,短,12,,短,長短,,
康軒,112學年,一年下,第三課,,9,陣,10,,陣,這陣子,,
康軒,112學年,一年下,第三課,,10,過,13,,過,過去,,
康軒,112學年,一年下,第三課,,11,後,9,,後,後面,,
康軒,112學年,一年下,第三課,,12,吃,6,,吃,吃飯,,
康軒,112學年,一年下,第三課,,13,菜,12,,菜,青菜,,
康軒,112學年,一年下,第三課,,14,就,12,,就,就近,,
康軒,112學年,一年下,第三課,,15,桌,10,,桌,桌子,,
康軒,112學年,一年下,第三課,,16,真,10,,真,真心,,
康軒,112學年,一年下,第一課,,1,要,9,,要,不要,,
康軒,112學年,一年下,第一課,,2,靜,16,,靜,安靜,,
康軒,112學年,一年下,第一課,,3,天,4,,天,天氣,,
康軒,112學年,一年下,第一課,,4,空,8,,空,天空,,
康軒,112學年,一年下,第一課,,5,雲,12,,雲,雲朵,,
康軒,112學年,一年下,第一課,,6,水,4,,水,自來水,,
康軒,112學年,一年下,第一課,,7,蟲,18,,蟲,昆蟲,,
康軒,112學年,一年下,第一課,,8,鳥,11,,鳥,小鳥,,
康軒,112學年,一年下,第一課,,9,草,10,,草,草地,,
康軒,112學年,一年下,第一課,,10,先,6,,先,先生,,
康軒,112學年,一年下,第一課,,11,完,7,,完,完成,,
康軒,112學年,一年下,第一課,,12,再,6,,再,再見,,
康軒,112學年,一年下,第一課,,13,去,5,,去,過去,,
康軒,112學年,一年下,第十課,,1,地,6,第,地,地址,,
康軒,112學年,一年下,第十課,,2,化,4,,化,變化,,
康軒,112學年,一年下,第十課,,3,趣,15,,趣,有趣,,
康軒,112學年,一年下,第十課,,4,線,15,,線,電線,,
康軒,112學年,一年下,第十課,,5,風,9,,風,風景,,
康軒,112學年,一年下,第十課,,6,箏,14,,箏,風箏,,
康軒,112學年,一年下,第十課,,7,升,4,,升,上升,,
康軒,112學年,一年下,第十課,,8,神,9,,神,神奇,,
康軒,112學年,一年下,第十課,,9,奇,8,,奇,奇怪,,
康軒,112學年,一年下,第十課,,10,跑,12,,跑,跑步,,
康軒,112學年,一年下,第十課,,11,跳,13,,跳,跳繩,,
康軒,112學年,一年下,第十課,,12,笑,10,,笑,笑話,,
康軒,112學年,一年下,第十課,,13,每,7,,每,每天,,
康軒,112學年,一年下,第十課,,14,件,6,,件,一件,,
康軒,112學年,一年下,第十課,,15,事,8,,事,事情,,
康軒,112學年,一年下,第十課,,16,情,11,,情,感情,,
康軒,112學年,一年下,第六課,,1,奶,5,,奶,牛奶,,
康軒,112學年,一年下,第六課,,2,跟,13,,跟,跟蹤,,
康軒,112學年,一年下,第六課,,3,班,10,,班,上班,,
康軒,112學年,一年下,第六課,,4,床,7,,床,起床,,
康軒,112學年,一年下,第六課,,5,弟,7,,弟,弟弟,,
康軒,112學年,一年下,第六課,,6,她,6,,她,她們,,
康軒,112學年,一年下,第六課,,7,酒,10,,酒,酒品,,
康軒,112學年,一年下,第六課,,8,拿,10,,拿,取拿,,
康軒,112學年,一年下,第六課,,9,卡,5,,卡,卡關,,
康軒,112學年,一年下,第六課,,10,片,4,,片,厚片吐司,,
康軒,112學年,一年下,第六課,,11,給,12,,給,給予,,
康軒,112學年,一年下,第六課,,12,寫,15,,寫,寫字,,
康軒,112學年,一年下,第六課,,13,喜,12,,喜,喜歡,,
康軒,112學年,一年下,第六課,,14,歡,22,,歡,歡樂,,
康軒,112學年,一年下,第六課,,15,您,11,,您,您好,,
康軒,112學年,一年下,第六課,,16,都,11,,都,都是,,
康軒,112學年,一年下,第七課,,1,作,7,,作,作業,,
康軒,112學年,一年下,第七課,,2,夢,14,,夢,夢想,,
康軒,112學年,一年下,第七課,,3,躺,15,,躺,躺下,,
康軒,112學年,一年下,第七課,,4,自,6,,自,自然,,
康軒,112學年,一年下,第七課,,5,己,3,,己,自己,,
康軒,112學年,一年下,第七課,,6,變,23,,變,變化,,
康軒,112學年,一年下,第七課,,7,成,6,,成,成功,,
康軒,112學年,一年下,第七課,,8,棉,12,,棉,棉花,,
康軒,112學年,一年下,第七課,,9,糖,16,,糖,糖果,,
康軒,112學年,一年下,第七課,,10,黑,12,,黑,黑暗,,
康軒,112學年,一年下,第七課,,11,鵝,18,,鵝,天鵝,,
康軒,112學年,一年下,第七課,,12,得,11,,得󠇡,跑得󠇡快,,
康軒,112學年,一年下,第七課,,13,更,7,,更,更健康,,
康軒,112學年,一年下,第七課,,14,漂,14,票,漂,漂亮,,
康軒,112學年,一年下,第七課,,15,亮,9,,亮,明亮,,
康軒,112學年,一年下,第十一課,,1,生,5,,生,生日,,
康軒,112學年,一年下,第十一課,,2,日,4,,日,日期,,
康軒,112學年,一年下,第十一課,,3,今,4,,今,今天,,
康軒,112學年,一年下,第十一課,,4,記,10,,記,記得,,
康軒,112學年,一年下,第十一課,,5,時,10,,時,時間,,
康軒,112學年,一年下,第十一課,,6,知,8,,知,知道,,
康軒,112學年,一年下,第十一課,,7,道,13,,道,道理,,
康軒,112學年,一年下,第十一課,,8,嗎,13,,嗎,好嗎？,,
康軒,112學年,一年下,第十一課,,9,學,16,,學,學校,,
康軒,112學年,一年下,第十一課,,10,收,6,,收,收據,,
康軒,112學年,一年下,第十一課,,11,張,11,,張,一張,,
康軒,112學年,一年下,第十一課,,12,祝,9,,祝,祝福,,
康軒,112學年,一年下,第十一課,,13,福,13,,福,福氣,,
康軒,112學年,一年下,第十一課,,14,第,11,,第,第一,,
康軒,112學年,一年下,第十一課,,15,次,6,,次,每次,,
康軒,112學年,一年下,第十一課,,16,謝,17,,謝,謝謝,,
南一,113學年,注音,韻母,注音,1,ㄧ,,,ㄧ,小雞,,
南一,113學年,注音,韻母,注音,2,ㄨ,,,ㄨ,烏鴉,,
南一,113學年,注音,韻母,注音,3,ㄩ,,,ㄩ,鯨魚,,
南一,113學年,注音,韻母,注音,4,ㄚ,,,ㄚ,海馬,,
南一,113學年,注音,韻母,注音,5,ㄛ,,,ㄛ,土撥鼠,,
南一,113學年,注音,韻母,注音,6,ㄜ,,,ㄜ,天鵝,,
南一,113學年,注音,韻母,注音,7,ㄝ,,,ㄝ,野狼,,
南一,113學年,注音,韻母,注音,8,ㄞ,,,ㄞ,白鷺鷥,,
南一,113學年,注音,韻母,注音,9,ㄟ,,,ㄟ,黑熊,,
南一,113學年,注音,韻母,注音,10,ㄠ,,,ㄠ,海豹,,
南一,113學年,注音,韻母,注音,11,ㄡ,,,ㄡ,猴子,,
南一,113學年,注音,韻母,注音,12,ㄢ,,,ㄢ,山羊,,
南一,113學年,注音,韻母,注音,13,ㄣ,,,ㄣ,糞金龜,,
南一,113學年,注音,韻母,注音,14,ㄤ,,,ㄤ,章魚,,
南一,113學年,注音,韻母,注音,15,ㄥ,,,ㄥ,蜜蜂,,
南一,113學年,注音,韻母,注音,16,ㄦ,,,ㄦ,鳥ㄦ˙,,
南一,113學年,注音,結合,注音,1,ㄧㄚ,,,ㄧㄚ,鴨子,,
南一,113學年,注音,結合,注音,2,ㄨㄚ,,蛙,ㄨㄚ,青蛙,,zh-CN
南一,113學年,注音,結合,注音,3,ㄧㄛ,,呦,ㄧㄛ,哎呦,,
南一,113學年,注音,結合,注音,4,ㄨㄛ,,,ㄨㄛ,鴕鳥,,zh-CN
南一,113學年,注音,結合,注音,5,ㄧㄝ,,,ㄧㄝ,蝴蝶,,zh-CN
南一,113學年,注音,結合,注音,6,ㄩㄝ,,,ㄩㄝ,孔雀,,zh-CN
南一,113學年,注音,結合,注音,7,ㄧㄞ,,,ㄧㄞ,山崖,,
南一,113學年,注音,結合,注音,8,ㄨㄞ,,,ㄨㄞ,蟋蟀,,zh-CN
南一,113學年,注音,結合,注音,9,ㄨㄟ,,,ㄨㄟ,烏龜,,zh-CN
南一,113學年,注音,結合,注音,10,ㄧㄠ,,,ㄧㄠ,瓢蟲,,
南一,113學年,注音,結合,注音,11,ㄧㄡ,,,ㄧㄡ,蝸牛,,
南一,113學年,注音,結合,注音,12,ㄧㄢ,,,ㄧㄢ,綿羊,,
南一,113學年,注音,結合,注音,13,ㄨㄢ,,,ㄨㄢ,浣熊,,zh-CN
南一,113學年,注音,結合,注音,14,ㄩㄢ,,,ㄩㄢ,長臂猿,,zh-CN
南一,113學年,注音,結合,注音,15,ㄧㄣ,,,ㄧㄣ,金魚,,
南一,113學年,注音,結合,注音,16,ㄨㄣ,,,ㄨㄣ,海豚,,zh-CN
南一,113學年,注音,結合,注音,17,ㄩㄣ,,,ㄩㄣ,馴鹿,,zh-CN
南一,113學年,注音,結合,注音,18,ㄧㄤ,,,ㄧㄤ,大象,,
南一,113學年,注音,結合,注音,19,ㄨㄤ,,,ㄨㄤ,黃牛,,zh-CN
南一,113學年,注音,結合,注音,20,ㄧㄥ,,,ㄧㄥ,貓頭鷹,,
南一,113學年,注音,結合,注音,21,ㄨㄥ,,,ㄨㄥ,變色龍,,zh-CN
南一,113學年,注音,結合,注音,22,ㄩㄥ,,,ㄩㄥ,貓熊,,zh-CN
南一,113學年,注音,聲符,注音,1,ㄅ,,,ㄅ,斑馬,,zh-CN
南一,113學年,注音,聲符,注音,2,ㄆ,,,ㄆ,螃蟹,,zh-CN
南一,113學年,注音,聲符,注音,3,ㄇ,,,ㄇ,貓咪,,zh-CN
南一,113學年,注音,聲符,注音,4,ㄈ,,,ㄈ,飛鼠,,zh-CN
南一,113學年,注音,聲符,注音,5,ㄉ,,,ㄉ,袋鼠,,
南一,113學年,注音,聲符,注音,6,ㄊ,,,ㄊ,兔子,,
南一,113學年,注音,聲符,注音,7,ㄋ,,,ㄋ,犀牛,,
南一,113學年,注音,聲符,注音,8,ㄌ,,,ㄌ,老鼠,,
南一,113學年,注音,聲符,注音,9,ㄍ,,,ㄍ,小狗,,
南一,113學年,注音,聲符,注音,10,ㄎ,,,ㄎ,恐龍,,
南一,113學年,注音,聲符,注音,11,ㄏ,,,ㄏ,河馬,,
南一,113學年,注音,聲符,注音,12,ㄐ,,,ㄐ,公雞,,
南一,113學年,注音,聲符,注音,13,ㄑ,,,ㄑ,企鵝,,
南一,113學年,注音,聲符,注音,14,ㄒ,,,ㄒ,猩猩,,
南一,113學年,注音,聲符,注音,15,ㄓ,,,ㄓ,蜘蛛,,
南一,113學年,注音,聲符,注音,16,ㄔ,,,ㄔ,長頸鹿,,
南一,113學年,注音,聲符,注音,17,ㄕ,,,ㄕ,山豬,,
南一,113學年,注音,聲符,注音,18,ㄖ,,,ㄖ,乳牛,,
南一,113學年,注音,聲符,注音,19,ㄗ,,,ㄗ,烏賊,,
南一,113學年,注音,聲符,注音,20,ㄘ,,,ㄘ,刺蝟,,
南一,113學年,注音,聲符,注音,21,ㄙ,,,ㄙ,松鼠,,
南一,113學年,一年上,第一課,,1,小,3,,小,大小,,
南一,113學年,一年上,第一課,,2,船,11,,船,船長,,
南一,113學年,一年上,第一課,,3,上,3,,上,上課,,
南一,113學年,一年上,第一課,,4,走,7,,走,走路,,
南一,113學年,一年上,第一課,,5,左,5,,左,左手,,
南一,113學年,一年上,第一課,,6,右,5,,右,右手,,
南一,113學年,一年上,第一課,,7,向,6,,向,向前,,
南一,113學年,一年上,第一課,,8,前,9,,前,前面,,
南一,113學年,一年上,第一課,,9,魚,11,,魚,魚缸,,
南一,113學年,一年上,第一課,,10,也,3,,也,也是,,
南一,113學年,一年上,第一課,,11,來,8,,來,來回,,
南一,113學年,一年上,第一課,,12,加,5,,加,加油,,
南一,113學年,一年上,第一課,,13,油,8,,油,油畫,,
南一,113學年,一年上,第二課,,1,印,6,,印,印象,,
南一,113學年,一年上,第二課,,2,張,11,,張,張開,,
南一,113學年,一年上,第二課,,3,開,12,,開,開始,,
南一,113學年,一年上,第二課,,4,出,5,,出,出去,,
南一,113學年,一年上,第二課,,5,招,8,,招,招手,,
南一,113學年,一年上,第二課,,6,車,7,,車,汽車,,
南一,113學年,一年上,第二課,,7,子,3,,子,兒子,,
南一,113學年,一年上,第二課,,8,地,6,,地,地址,,
南一,113學年,一年上,第二課,,9,花,8,,花,櫻花,,
南一,113學年,一年上,第二課,,10,朵,6,,朵,花朵,,
南一,113學年,一年上,第二課,,11,在,6,,在,在哪裡,,
南一,113學年,一年上,第二課,,12,笑,10,,笑,笑話,,
南一,113學年,一年上,第二課,,13,臉,17,,臉,笑臉,,
南一,113學年,一年上,第三課,,1,吹,7,,吹,吹風機,,
南一,113學年,一年上,第三課,,2,泡,8,,泡,氣泡,,
南一,113學年,一年上,第三課,,3,玩,8,,玩,玩具,,
南一,113學年,一年上,第三課,,4,大,3,,大,大小,,
南一,113學年,一年上,第三課,,5,家,10,,家,家庭,,
南一,113學年,一年上,第三課,,6,起,10,,起,一起,,
南一,113學年,一年上,第三課,,7,好,6,,好,好吃,,
南一,113學年,一年上,第三課,,8,多,6,,多,多少,,
南一,113學年,一年上,第三課,,9,我,7,,我,我們,,
南一,113學年,一年上,第三課,,10,的,8,,的,我的家,,
南一,113學年,一年上,第三課,,11,你,7,,你,你們,,
南一,113學年,一年上,第三課,,12,像,14,,像,好像,,
南一,113學年,一年上,第三課,,13,抱,8,,抱,抱歉,,
南一,113學年,一年上,第四課,,1,跟,13,,跟,跟住,,
南一,113學年,一年上,第四課,,2,爸,8,,爸,爸媽,,
南一,113學年,一年上,第四課,,3,到,8,,到,到達,,
南一,113學年,一年上,第四課,,4,青,8,,青,青蛙,,
南一,113學年,一年上,第四課,,5,叫,5,,叫,叫聲,,
南一,113學年,一年上,第四課,,6,下,3,,下,下面,,
南一,113學年,一年上,第四課,,7,那,7,,那,那個,,
南一,113學年,一年上,第四課,,8,頭,16,,頭,頭髮,,
南一,113學年,一年上,第四課,,9,想,13,,想,想念,,
南一,113學年,一年上,第四課,,10,和,8,,和,我和你,,
南一,113學年,一年上,第四課,,11,要,9,,要,重要,,
南一,113學年,一年上,第四課,,12,他,5,,他,人字部,,
南一,113學年,一年上,第四課,,13,做,11,,做,做運動,,
南一,113學年,一年上,第四課,,14,朋,8,,朋,朋友,,
南一,113學年,一年上,第四課,,15,友,4,,友,友善,,
南一,113學年,一年上,第五課,,1,外,5,,外,外星人,,
南一,113學年,一年上,第五課,,2,星,9,,星,明星,,
南一,113學年,一年上,第五課,,3,住,7,,住,住院,,
南一,113學年,一年上,第五課,,4,哪,10,,哪,哪個,,
南一,113學年,一年上,第五課,,5,個,10,,個,個性,,
南一,113學年,一年上,第五課,,6,球,11,,球,氣球,,
南一,113學年,一年上,第五課,,7,們,10,,們,我們,,
南一,113學年,一年上,第五課,,8,這,11,,這,這個,,
南一,113學年,一年上,第五課,,9,裡,12,,裡,裡外,,
南一,113學年,一年上,第五課,,10,有,6,,有,有趣,,
南一,113學年,一年上,第五課,,11,沒,7,,沒,沒有,,
南一,113學年,一年上,第五課,,12,是,9,,是,是誰,,
南一,113學年,一年上,第五課,,13,什,4,,什,什麼,,
南一,113學年,一年上,第五課,,14,麼,14,,麼,怎麼,,
南一,113學年,一年上,第五課,,15,河,8,,河,河馬,,
南一,113學年,一年上,第五課,,16,流,9,,流,流水,,
南一,113學年,一年上,第六課,,1,金,8,,金,金魚,,
南一,113學年,一年上,第六課,,2,吐,6,,吐,吐司,,
南一,113學年,一年上,第六課,,3,說,14,,說,說話,,
南一,113學年,一年上,第六課,,4,句,5,,句,句號,,
南一,113學年,一年上,第六課,,5,話,13,,話,句話,,
南一,113學年,一年上,第六課,,6,兩,8,,兩,兩個,,
南一,113學年,一年上,第六課,,7,缸,9,,缸,魚缸,,
南一,113學年,一年上,第六課,,8,都,11,,都,都有,,
南一,113學年,一年上,第六課,,9,悄,10,,悄,悄悄話,,
南一,113學年,一年上,第六課,,10,搖,13,,搖,搖頭,,
南一,113學年,一年上,第六課,,11,尾,7,,尾,尾巴,,
南一,113學年,一年上,第六課,,12,巴,4,,巴,巴士,,
南一,113學年,一年上,第六課,,13,滿,14,,滿,滿意,,
南一,113學年,一年上,第六課,,14,紅,9,,紅,紅包,,
南一,113學年,一年上,第七課,,1,春,9,,春,春節,,
南一,113學年,一年上,第七課,,2,貼,12,,貼,貼紙,,
南一,113學年,一年上,第七課,,3,為,9,位,為,為什麼,,
南一,113學年,一年上,第七課,,4,呢,8,,呢,好呢,,
南一,113學年,一年上,第七課,,5,了,2,,了,好了,,
南一,113學年,一年上,第七課,,6,請,15,,請,請問,,
南一,113學年,一年上,第七課,,7,天,4,,天,春天,,
南一,113學年,一年上,第七課,,8,家,10,,家,家庭,,
南一,113學年,一年上,第七課,,9,把,7,,把,把握,,
南一,113學年,一年上,第七課,,10,不,4,,不,不客氣,,
南一,113學年,一年上,第七課,,11,房,8,,房,房間,,
南一,113學年,一年上,第七課,,12,幸,8,,幸,幸福,,
南一,113學年,一年上,第七課,,13,福,13,,福,福氣,,
南一,113學年,一年下,第一課,,1,太,4,,太,太多,,
南一,113學年,一年下,第一課,,2,陽,12,,陽,太陽,,
南一,113學年,一年下,第一課,,3,充,5,,充,充滿,,
南一,113學年,一年下,第一課,,4,電,13,,電,電話,,
南一,113學年,一年下,第一課,,5,機,16,,機,機車,,
南一,113學年,一年下,第一課,,6,雨,8,,雨,雨天,,
南一,113學年,一年下,第一課,,7,過,13,,過,過來,,
南一,113學年,一年下,第一課,,8,後,9,,後,後來,,
南一,113學年,一年下,第一課,,9,為,9,位,為,因為,,
南一,113學年,一年下,第一課,,10,冬,5,,冬,冬天,,
南一,113學年,一年下,第一課,,11,土,3,,土,土地,,
南一,113學年,一年下,第一課,,12,草,10,,草,花草,,
南一,113學年,一年下,第一課,,13,冒,9,,冒,冒出,,
南一,113學年,一年下,第一課,,14,哭,10,,哭,哭鬧,,
南一,113學年,一年下,第一課,,15,心,4,,心,心情,,
南一,113學年,一年下,第二課,,1,顏,18,,顏,顏色,,
南一,113學年,一年下,第二課,,2,色,6,,色,綠色,,
南一,113學年,一年下,第二課,,3,細,11,,細,細心,,
南一,113學年,一年下,第二課,,4,著,12,,著,看著,,zh-CN
南一,113學年,一年下,第二課,,5,問,11,,問,問題,,
南一,113學年,一年下,第二課,,6,鳥,11,,鳥,飛鳥,,
南一,113學年,一年下,第二課,,7,綠,14,,綠,綠茶,,
南一,113學年,一年下,第二課,,8,看,9,,看,看見,,
南一,113學年,一年下,第二課,,9,蜻,14,,蜻,蜻蜓,,
南一,113學年,一年下,第二課,,10,蜓,13,,蜓,蜻蜓,,
南一,113學年,一年下,第二課,,11,藍,18,,藍,藍莓,,
南一,113學年,一年下,第二課,,12,空,8,,空,空氣,,
南一,113學年,一年下,第二課,,13,媽,13,,媽,媽咪,,
南一,113學年,一年下,第二課,,14,彩,11,,彩,彩色,,
南一,113學年,一年下,第二課,,15,中,4,,中,中午,,
南一,113學年,一年下,第二課,,16,虹,9,,虹,彩虹,,
南一,113學年,一年下,第三課,,1,音,9,,音,音樂,,
南一,113學年,一年下,第三課,,2,樂,15,,樂,樂器,,
南一,113學年,一年下,第三課,,3,會,13,,會,會考,,
南一,113學年,一年下,第三課,,4,坡,8,,坡,山坡,,
南一,113學年,一年下,第三課,,5,忙,6,,忙,幫忙,,
南一,113學年,一年下,第三課,,6,布,5,,布,布丁,,
南一,113學年,一年下,第三課,,7,置,13,,置,布置,,
南一,113學年,一年下,第三課,,8,場,12,,場,市場,,
南一,113學年,一年下,第三課,,9,入,2,,入,入口,,
南一,113學年,一年下,第三課,,10,口,3,,口,口罩,,
南一,113學年,一年下,第三課,,11,河,8,,河,河馬,,
南一,113學年,一年下,第三課,,12,林,8,,林,樹林,,
南一,113學年,一年下,第三課,,13,間,12,,間,房間,,
南一,113學年,一年下,第三課,,14,風,9,,風,風景,,
南一,113學年,一年下,第三課,,15,跑,12,,跑,跑步,,
南一,113學年,一年下,第四課,,1,書,10,,書,書法,,
南一,113學年,一年下,第四課,,2,打,5,,打,打開,,
南一,113學年,一年下,第四課,,3,恐,10,,恐,恐龍,,
南一,113學年,一年下,第四課,,4,龍,16,,龍,龍蝦,,
南一,113學年,一年下,第四課,,5,跳,13,,跳,跳舞,,
南一,113學年,一年下,第四課,,6,陪,11,,陪,陪伴,,
南一,113學年,一年下,第四課,,7,去,5,,去,出去,,
南一,113學年,一年下,第四課,,8,險,16,,險,冒險,,
南一,113學年,一年下,第四課,,9,海,10,,海,海洋,,
南一,113學年,一年下,第四課,,10,豚,11,,豚,海豚,,
南一,113學年,一年下,第四課,,11,找,7,,找,尋找,,
南一,113學年,一年下,第四課,,12,歡,22,,歡,歡樂,,
南一,113學年,一年下,第四課,,13,神,9,,神,神奇,,
南一,113學年,一年下,第四課,,14,奇,8,,奇,奇怪,,
南一,113學年,一年下,第四課,,15,猜,11,,猜,猜測,,
南一,113學年,一年下,第四課,,16,次,6,,次,每次,,
南一,113學年,一年下,第四課,,17,誰,15,,誰,是誰,,
南一,113學年,一年下,第四課,,18,跟,13,,跟,跟住,,
南一,113學年,一年下,第五課,,1,喜,12,,喜,喜歡,,
南一,113學年,一年下,第五課,,2,帶,11,,帶,皮帶,,
南一,113學年,一年下,第五課,,3,氣,10,,氣,氣球,,
南一,113學年,一年下,第五課,,4,球,11,,球,球拍,,
南一,113學年,一年下,第五課,,5,始,8,,始,開始,,
南一,113學年,一年下,第五課,,6,輕,14,,輕,輕鬆,,
南一,113學年,一年下,第五課,,7,吹,7,,吹,吹風機,,
南一,113學年,一年下,第五課,,8,飛,9,,飛,飛機,,
南一,113學年,一年下,第五課,,9,突,9,,突,突然,,
南一,113學年,一年下,第五課,,10,然,12,,然,然後,,
南一,113學年,一年下,第五課,,11,得,11,,得,跑得快,,
南一,113學年,一年下,第五課,,12,高,10,,高,高興,,
南一,113學年,一年下,第五課,,13,樹,16,,樹,樹枝,,
南一,113學年,一年下,第五課,,14,還,17,x,還,還給,,
南一,113學年,一年下,第五課,,15,給,12,,給,送給,,
南一,113學年,一年下,第五課,,16,可,5,,可,可以,,
南一,113學年,一年下,第五課,,17,理,11,,理,理由,,
南一,113學年,一年下,第五課,,18,只,5,,只,只能,,
南一,113學年,一年下,第六課,,1,鄰,15,,鄰,鄰居,,
南一,113學年,一年下,第六課,,2,居,8,,居,居民,,
南一,113學年,一年下,第六課,,3,孩,9,,孩,孩子,,
南一,113學年,一年下,第六課,,4,常,11,,常,非常,,
南一,113學年,一年下,第六課,,5,躲,13,,躲,躲避,,
南一,113學年,一年下,第六課,,6,發,12,,發,發現,,
南一,113學年,一年下,第六課,,7,現,11,,現,現在,,
南一,113學年,一年下,第六課,,8,就,12,,就,就這樣,,
南一,113學年,一年下,第六課,,9,頭,16,,頭,頭髮,,
南一,113學年,一年下,第六課,,10,縮,17,,縮,縮小,,
南一,113學年,一年下,第六課,,11,回,6,,回,回去,,
南一,113學年,一年下,第六課,,12,想,13,,想,想念,,
南一,113學年,一年下,第六課,,13,但,7,,但,但是,,zh-CN
南一,113學年,一年下,第六課,,14,怎,9,,怎,怎麼,,
南一,113學年,一年下,第六課,,15,讓,24,,讓,禮讓,,
南一,113學年,一年下,第六課,,16,知,8,,知,知道,,
南一,113學年,一年下,第六課,,17,到,13,,到,道理,,
南一,113學年,一年下,第六課,,18,先,6,,先,首先,,
南一,113學年,一年下,第七課,,1,畫,12,,畫,畫圖,,
南一,113學年,一年下,第七課,,2,愛,13,,愛,愛情,,
南一,113學年,一年下,第七課,,3,送,10,,送,送給,,
南一,113學年,一年下,第七課,,4,顆,17,,顆,明星,,
南一,113學年,一年下,第七課,,5,寫,15,,寫,寫作,,
南一,113學年,一年下,第七課,,6,祝,9,,祝,祝福,,
南一,113學年,一年下,第七課,,7,張,11,,張,一張紙,,
南一,113學年,一年下,第七課,,8,臉,17,,臉,笑臉,,
南一,113學年,一年下,第七課,,9,感,13,,感,感冒,,
南一,113學年,一年下,第七課,,10,謝,17,,謝,感謝,,
南一,113學年,一年下,第七課,,11,老,6,,老,老公,,
南一,113學年,一年下,第七課,,12,師,10,,師,師父,,
南一,113學年,一年下,第七課,,13,啊,11,,啊,好啊,,
南一,113學年,一年下,第七課,,14,還,17,,還,還要,,
南一,113學年,一年下,第七課,,15,漂,14,,漂,漂亮,,
南一,113學年,一年下,第七課,,16,亮,9,,亮,亮光,,
南一,113學年,一年下,第七課,,17,蛋,11,,蛋,雞蛋,,
南一,113學年,一年下,第七課,,18,糕,16,,糕,蛋糕,,
南一,113學年,一年下,第八課,,1,松,8,,松,松鼠,,
南一,113學年,一年下,第八課,,2,鼠,13,,鼠,老鼠,,
南一,113學年,一年下,第八課,,3,卡,5,,卡,卡片,,
南一,113學年,一年下,第八課,,4,片,4,,片,影片,,
南一,113學年,一年下,第八課,,5,秋,9,,秋,秋天,,
南一,113學年,一年下,第八課,,6,採,11,,採,採用,,
南一,113學年,一年下,第八課,,7,果,8,,果,水果,,
南一,113學年,一年下,第八課,,8,吃,6,,吃,吃飯,,
南一,113學年,一年下,第八課,,9,飽,13,,飽,吃飽,,
南一,113學年,一年下,第八課,,10,方,4,,方,地方,,
南一,113學年,一年下,第八課,,11,埋,10,,埋,埋進,,
南一,113學年,一年下,第八課,,12,進,12,,進,進入,,
南一,113學年,一年下,第八課,,13,很,9,,很,很多,,
南一,113學年,一年下,第八課,,14,久,3,,久,永久,,
南一,113學年,一年下,第八課,,15,從,11,,從,從前,,
南一,113學年,一年下,第八課,,16,嗎,13,,嗎,你好嗎,,
南一,113學年,一年下,第八課,,17,等,12,,等,等待,,
南一,113學年,一年下,第八課,,18,長,8,x,長,長大,,
南一,113學年,一年下,第八課,,19,敬,13,,敬,敬上,,
南一,113學年,一年下,第九課,,1,奶,5,,奶,奶油,,
南一,113學年,一年下,第九課,,2,寶,20,,寶,寶貝,,
南一,113學年,一年下,第九課,,3,貝,7,,貝,貝殼,,
南一,113學年,一年下,第九課,,4,早,6,,早,早上,,
南一,113學年,一年下,第九課,,5,校,10,,校,學校,,
南一,113學年,一年下,第九課,,6,園,13,,園,花園,,
南一,113學年,一年下,第九課,,7,工,3,,工,工廠,,
南一,113學年,一年下,第九課,,8,作,7,,作,工作,,
南一,113學年,一年下,第九課,,9,她,6,,她,女字部,,
南一,113學年,一年下,第九課,,10,邊,19,,邊,旁邊,,
南一,113學年,一年下,第九課,,11,擦,17,,擦,擦汗,,
南一,113學年,一年下,第九課,,12,汗,6,,汗,汗水,,
南一,113學年,一年下,第九課,,13,澆,15,,澆,澆水,,
南一,113學年,一年下,第九課,,14,學,16,,學,學生,,
南一,113學年,一年下,第九課,,15,您,11,,您,您好,,
南一,113學年,一年下,第九課,,16,樣,15,,樣,一樣,,
南一,113學年,一年下,第九課,,17,當,13,,當,當成,,
南一,113學年,一年下,第九課,,18,成,6,,成,成為,,
南一,113學年,一年下,第十課,,1,井,4,,井,水井,,
南一,113學年,一年下,第十課,,2,蛙,12,,蛙,青蛙,,
南一,113學年,一年下,第十課,,3,隻,10,,隻,一隻貓,,
南一,113學年,一年下,第十課,,4,除,10,,除,除非,,
南一,113學年,一年下,第十課,,5,睡,14,,睡,睡衣,,
南一,113學年,一年下,第十課,,6,覺,20,,覺,睡覺,,
南一,113學年,一年下,第十課,,7,東,8,,東,東西,,
南一,113學年,一年下,第十課,,8,西,6,,西,西瓜,,
南一,113學年,一年下,第十課,,9,拍,8,,拍,球拍,,
南一,113學年,一年下,第十課,,10,肚,7,,肚,肚子,,
南一,113學年,一年下,第十課,,11,唉,10,,唉,唉唷,,
南一,113學年,一年下,第十課,,12,窪,14,,窪,水窪,,
南一,113學年,一年下,第十課,,13,幾,12,,幾,幾天,,
南一,113學年,一年下,第十課,,14,世,5,,世,世代,,
南一,113學年,一年下,第十課,,15,界,9,,界,世界,,
南一,113學年,一年下,第十課,,16,連,11,,連,連續,,
南一,113學年,一年下,第十課,,17,裝,13,,裝,裝下,,
南一,113學年,一年下,第十一課,,1,星,9,,星,明星,,
南一,113學年,一年下,第十一課,,2,鴉,15,,鴉,烏鴉,,
南一,113學年,一年下,第十一課,,3,面,9,,面,表面,,
南一,113學年,一年下,第十一課,,4,許,11,,許,許多,,
南一,113學年,一年下,第十一課,,5,池,6,,池,游泳池,,
南一,113學年,一年下,第十一課,,6,塘,13,,塘,池塘,,
南一,113學年,一年下,第十一課,,7,圈,11,,圈,圓圈,,
南一,113學年,一年下,第十一課,,8,波,8,,波,波紋,,
南一,113學年,一年下,第十一課,,9,紋,10,,紋,皺紋,,
南一,113學年,一年下,第十一課,,10,見,7,,見,看見,,
南一,113學年,一年下,第十一課,,11,快,7,,快,快樂,,
南一,113學年,一年下,第十一課,,12,吿,7,,吿,報告,,
南一,113學年,一年下,第十一課,,13,訴,12,,訴,告訴,,
南一,113學年,一年下,第十一課,,14,光,6,,光,吃光,,
南一,113學年,一年下,第十一課,,15,拉,8,,拉,拉手,,
南一,113學年,一年下,第十一課,,16,怪,8,,怪,奇怪,,
南一,113學年,一年下,第十一課,,17,呀,7,,呀,好美呀,,
南一,113學年,一年下,第十二課,,1,止,4,,止,停止,,
南一,113學年,一年下,第十二課,,2,半,5,,半,半夜,,
南一,113學年,一年下,第十二課,,3,豬,15,,豬,豬肉,,
南一,113學年,一年下,第十二課,,4,羊,6,,羊,羊毛,,
南一,113學年,一年下,第十二課,,5,種,14,,種,種田,,
南一,113學年,一年下,第十二課,,6,田,5,,田,農田,,
南一,113學年,一年下,第十二課,,7,再,6,,再,再見,,
南一,113學年,一年下,第十二課,,8,瓜,5,,瓜,地瓜,,
南一,113學年,一年下,第十二課,,9,苗,9,,苗,疫苗,,
南一,113學年,一年下,第十二課,,10,辛,7,,辛,辛苦,,
南一,113學年,一年下,第十二課,,11,苦,9,,苦,苦瓜,,
南一,113學年,一年下,第十二課,,12,油,8,,油,加油,,
南一,113學年,一年下,第十二課,,13,能,10,,能,才能,,
南一,113學年,一年下,第十二課,,14,收,6,,收,收據,,
南一,113學年,一年下,第十二課,,15,葉,13,,葉,樹葉,,
南一,113學年,一年下,第十二課,,16,甜,11,,甜,甜點,,
南一,113學年,一年下,第十二課,,17,分,4,,分,分開,,
南一,113學年,一年下,第十二課,,18,享,8,,享,分享,,
康軒,113學年,二年下,第一課,,1,顏,18,,顏,顏料,,
康軒,113學年,二年下,第一課,,2,塘,13,,塘,池塘,,
康軒,113學年,二年下,第一課,,3,蔚,15,,蔚,蔚藍,,
康軒,113學年,二年下,第一課,,4,藍,18,,藍,藍色,,
康軒,113學年,二年下,第一課,,5,興,16,幸,興,高興,,
康軒,113學年,二年下,第一課,,6,鼠,13,,鼠,田鼠,,
康軒,113學年,二年下,第一課,,7,洞,9,,洞,洞穴,,
康軒,113學年,二年下,第一課,,8,翠,14,,翠,翠綠,,
康軒,113學年,二年下,第一課,,9,綠,14,,綠,深綠,,
康軒,113學年,二年下,第一課,,10,蜜,14,,蜜,甜蜜,,
康軒,113學年,二年下,第一課,,11,蜂,13,,蜂,蜂炮,,
康軒,113學年,二年下,第一課,,12,窩,14,,窩,狗窩,,
康軒,113學年,二年下,第一課,,13,粉,10,,粉,米粉,,
康軒,113學年,二年下,第一課,,14,桃,10,,桃,水蜜桃,,
康軒,113學年,二年下,第一課,,15,奮,16,,奮,奮鬧,,
康軒,113學年,二年下,第一課,,16,燕,16,,燕,燕子,,
康軒,113學年,二年下,第一課,,17,處󠇡,11,觸,處󠇡,到處󠇡,,
康軒,113學年,二年下,第一課,,18,景,12,,景,風景,,
康軒,113學年,二年下,第二課,,1,裳󠇡,14,,裳󠇡,衣裳,,
康軒,113學年,二年下,第二課,,2,驚,23,,驚,驚喜,,
康軒,113學年,二年下,第二課,,3,所,8,,所,所以,,
康軒,113學年,二年下,第二課,,4,躲,13,,躲,躲避,,
康軒,113學年,二年下,第二課,,5,房,8,,房,房間,,
康軒,113學年,二年下,第二課,,6,間,12,,間,中間,,
康軒,113學年,二年下,第二課,,7,討,10,,討,討論,,
康軒,113學年,二年下,第二課,,8,論,15,,論,論文,,
康軒,113學年,二年下,第二課,,9,指,9,,指,指定,,
康軒,113學年,二年下,第二課,,10,裙,12,,裙,裙子,,
康軒,113學年,二年下,第二課,,11,而,6,,而,而且,,
康軒,113學年,二年下,第二課,,12,且,5,,且,並且,,
康軒,113學年,二年下,第二課,,13,紫,12,,紫,紫色,,
康軒,113學年,二年下,第二課,,14,將,11,,將,將來,,
康軒,113學年,二年下,第二課,,15,工,3,,工,工廠,,
康軒,113學年,二年下,第二課,,16,合,6,,合,合作,,
康軒,113學年,二年下,第二課,,17,剪,12,,剪,剪刀,,
康軒,113學年,二年下,第二課,,18,貼,12,,貼,貼心,,
康軒,113學年,二年下,第二課,,19,侯,10,後,侯,時候,,
康軒,113學年,二年下,第二課,,20,慶,15,,慶,慶祝,,
康軒,113學年,二年下,第三課,,1,座,10,,座,座位,,
康軒,113學年,二年下,第三課,,2,對,14,,對,對不起,,
康軒,113學年,二年下,第三課,,3,表,8,,表,表情,,
康軒,113學年,二年下,第三課,,4,各,6,,各,各自,,
康軒,113學年,二年下,第三課,,5,突,9,,突,突然,,
康軒,113學年,二年下,第三課,,6,壞,19,,壞,壞掉,,
康軒,113學年,二年下,第三課,,7,強,11,,強,強壯,,
康軒,113學年,二年下,第三課,,8,被,10,,被,被風吹,,
康軒,113學年,二年下,第三課,,9,特,10,,特,奇特,,
康軒,113學年,二年下,第三課,,10,舌,6,,舌,舌頭,,
康軒,113學年,二年下,第三課,,11,欣,8,,欣,欣賞,,
康軒,113學年,二年下,第三課,,12,賞,15,,賞,賞識,,
康軒,113學年,二年下,第三課,,13,果,8,,果,如果,,
康軒,113學年,二年下,第三課,,14,定,8,,定,定位,,
康軒,113學年,二年下,第三課,,15,互,4,,互,互換,,
康軒,113學年,二年下,第三課,,16,換,12,,換,換衣服,,
康軒,113學年,二年下,第三課,,17,此,6,,此,此外,,
康軒,113學年,二年下,第三課,,18,共,6,,共,共同,,
康軒,113學年,二年下,第三課,,19,漸,14,,漸,漸層,,
康軒,113學年,二年下,第三課,,20,融,16,,融,融化,,
康軒,113學年,二年下,第四課,,1,散,12,,散,散步,,
康軒,113學年,二年下,第四課,,2,芒,7,,芒,芒果,,
康軒,113學年,二年下,第四課,,3,透,11,,透,透明,,
康軒,113學年,二年下,第四課,,4,窗,12,,窗,窗戶,,
康軒,113學年,二年下,第四課,,5,暗,13,,暗,黑暗,,
康軒,113學年,二年下,第四課,,6,照,13,,照,照顧,,
康軒,113學年,二年下,第四課,,7,掛,11,,掛,掛號,,
康軒,113學年,二年下,第四課,,8,微,13,,微,微笑,,
康軒,113學年,二年下,第四課,,9,角,7,,角,三角型,,
康軒,113學年,二年下,第四課,,10,揚,12,,揚,揚升,,
康軒,113學年,二年下,第四課,,11,星,9,,星,明星,,
康軒,113學年,二年下,第四課,,12,閃,10,,閃,閃電,,
康軒,113學年,二年下,第四課,,13,晶,12,,晶,亮晶晶,,
康軒,113學年,二年下,第四課,,14,當,13,,當,當然,,
康軒,113學年,二年下,第四課,,15,睡,14,,睡,睡覺,,
康軒,113學年,二年下,第四課,,16,悄,10,,悄,悄悄話,,
康軒,113學年,二年下,第四課,,17,常,11,,常,時常,,
康軒,113學年,二年下,第四課,,18,臂,17,,臂,臂膀,,
康軒,113學年,二年下,第四課,,19,永,5,,永,永遠,,
康軒,113學年,二年下,第四課,,20,避,17,,避,避免,,
康軒,113學年,二年下,第五課,,1,剛,10,,剛,剛才,,
康軒,113學年,二年下,第五課,,2,品,9,,品,品質,,
康軒,113學年,二年下,第五課,,3,爺,13,,爺,老爺,,
康軒,113學年,二年下,第五課,,4,採,11,,採,採購,,
康軒,113學年,二年下,第五課,,5,蕉,16,,蕉,香蕉,,
康軒,113學年,二年下,第五課,,6,軍,9,,軍,將軍,,
康軒,113學年,二年下,第五課,,7,機,16,,機,飛機,,
康軒,113學年,二年下,第五課,,8,告,7,,告,告訴,,
康軒,113學年,二年下,第五課,,9,訴,12,,訴,訴求,,
康軒,113學年,二年下,第五課,,10,辛,7,,辛,辛苦,,
康軒,113學年,二年下,第五課,,11,苦,9,,苦,苦瓜,,
康軒,113學年,二年下,第五課,,12,流,9,,流,流感,,
康軒,113學年,二年下,第五課,,13,蓋,14,,蓋,蓋房子,,
康軒,113學年,二年下,第五課,,14,堅,11,,堅,堅固,,
康軒,113學年,二年下,第五課,,15,固,8,,固,固定,,
康軒,113學年,二年下,第五課,,16,安,6,,安,安全,,
康軒,113學年,二年下,第五課,,17,寶,20,,寶,寶貝,,
康軒,113學年,二年下,第五課,,18,貝,7,,貝,貝殼,,
康軒,113學年,二年下,第五課,,19,幅,12,,幅,一幅畫,,
康軒,113學年,二年下,第五課,,20,管,14,,管,管理,,
康軒,113學年,二年下,第六課,,1,教,11,,教,教室,,
康軒,113學年,二年下,第六課,,2,室,9,,室,室友,,
康軒,113學年,二年下,第六課,,3,棵,12,,棵,一棵樹,,
康軒,113學年,二年下,第六課,,4,及,4,,及,來不及,,
康軒,113學年,二年下,第六課,,5,終,11,,終,終於,,
康軒,113學年,二年下,第六課,,6,立,5,,立,立法,,
康軒,113學年,二年下,第六課,,7,刻,8,,刻,立刻,,
康軒,113學年,二年下,第六課,,8,抱,8,,抱,抱歉,,
康軒,113學年,二年下,第六課,,9,並,8,,並,並且,,
康軒,113學年,二年下,第六課,,10,猜,11,,猜,猜選,,
康軒,113學年,二年下,第六課,,11,文,4,,文,課文,,
康軒,113學年,二年下,第六課,,12,借,10,,借,借錢,,
康軒,113學年,二年下,第六課,,13,枝,8,,枝,一枝筆,,
康軒,113學年,二年下,第六課,,14,鉛,13,,鉛,鉛筆,,
康軒,113學年,二年下,第六課,,15,校,10,,校,校園,,
康軒,113學年,二年下,第六課,,16,騎,18,,騎,騎馬,,
康軒,113學年,二年下,第六課,,17,踏,15,,踏,腳踏車,,
康軒,113學年,二年下,第六課,,18,車,7,,車,汽車,,
康軒,113學年,二年下,第六課,,19,哥,10,,哥,哥哥,,
康軒,113學年,二年下,第七課,,1,久,3,,久,永久,,
康軒,113學年,二年下,第七課,,2,條,11,,條,一條河,,
康軒,113學年,二年下,第七課,,3,祕,9,,祕,神秘,,
康軒,113學年,二年下,第七課,,4,兔,8,,兔,小白兔,,
康軒,113學年,二年下,第七課,,5,其,8,,其,其他,,
康軒,113學年,二年下,第七課,,6,猴,12,,猴,猴子,,
康軒,113學年,二年下,第七課,,7,病,10,,病,生病,,
康軒,113學年,二年下,第七課,,8,探,11,,探,探望,,
康軒,113學年,二年下,第七課,,9,體,23,,體,身體,,
康軒,113學年,二年下,第七課,,10,惜,11,,惜,可惜,,
康軒,113學年,二年下,第七課,,11,無,12,,無,無法,,
康軒,113學年,二年下,第七課,,12,辦,16,,辦,辦法,,
康軒,113學年,二年下,第七課,,13,挖,9,,挖,挖地,,
康軒,113學年,二年下,第七課,,14,坑,7,,坑,大坑,,
康軒,113學年,二年下,第七課,,15,之,4,,之,之前,,
康軒,113學年,二年下,第七課,,16,請,15,,請,請問,,
康軒,113學年,二年下,第七課,,17,鼻,14,,鼻,鼻子,,
康軒,113學年,二年下,第七課,,18,吸,7,,吸,吸管,,
康軒,113學年,二年下,第七課,,19,模,15,,模,模糊,,
康軒,113學年,二年下,第七課,,20,度,9,,度,度假,,
康軒,113學年,二年下,第八課,,1,狗,8,,狗,小狗,,
康軒,113學年,二年下,第八課,,2,雞,18,,雞,雞蛋,,
康軒,113學年,二年下,第八課,,3,經,13,,經,經過,,
康軒,113學年,二年下,第八課,,4,怪,8,,怪,奇怪,,
康軒,113學年,二年下,第八課,,5,議,20,,議,議論,,
康軒,113學年,二年下,第八課,,6,羊,6,,羊,山羊,,
康軒,113學年,二年下,第八課,,7,鴨,16,,鴨,鴨子,,
康軒,113學年,二年下,第八課,,8,駝,15,,駝,鴕鳥,,
康軒,113學年,二年下,第八課,,9,信,9,,信,相信,,
康軒,113學年,二年下,第八課,,10,錯,16,,錯,錯誤,,
康軒,113學年,二年下,第八課,,11,睛,13,,睛,眼睛,,
康軒,113學年,二年下,第八課,,12,仔,5,,仔,仔細,,
康軒,113學年,二年下,第八課,,13,细,11,,细,細心,,
康軒,113學年,二年下,第八課,,14,能,10,,能,能過,,
康軒,113學年,二年下,第八課,,15,消,10,,消,消息,,
康軒,113學年,二年下,第八課,,16,傳,13,,傳,傳送,,
康軒,113學年,二年下,第八課,,17,嚇,17,,嚇,驚嚇,,
康軒,113學年,二年下,第八課,,18,忍,7,,忍,忍受,,
康軒,113學年,二年下,第八課,,19,住,7,,住,住院,,
康軒,113學年,二年下,第八課,,20,顧,21,,顧,照顧,,
康軒,113學年,二年下,第九課,,1,良,7,,良,良心,,
康軒,113學年,二年下,第九課,,2,孩,9,,孩,女孩,,
康軒,113學年,二年下,第九課,,3,錢,16,,錢,錢包,,
康軒,113學年,二年下,第九課,,4,醒,16,,醒,醒來,,
康軒,113學年,二年下,第九課,,5,尾,7,,尾,尾巴,,
康軒,113學年,二年下,第九課,,6,巴,4,,巴,巴士,,
康軒,113學年,二年下,第九課,,7,村,7,,村,村莊,,
康軒,113學年,二年下,第九課,,8,貪,11,,貪,貪心,,
康軒,113學年,二年下,第九課,,9,皇,9,,皇,皇帝,,
康軒,113學年,二年下,第九課,,10,帝,9,,帝,帝國,,
康軒,113學年,二年下,第九課,,11,派,9,,派,派對,,
康軒,113學年,二年下,第九課,,12,抓,7,,抓,抓到,,
康軒,113學年,二年下,第九課,,13,銀,14,,銀,銀行,,
康軒,113學年,二年下,第九課,,14,准,10,,准,准備,,
康軒,113學年,二年下,第九課,,15,艘,16,,艘,一艘船,,
康軒,113學年,二年下,第九課,,16,島,10,,島,島嶼,,
康軒,113學年,二年下,第九課,,17,元,4,,元,元但,,
康軒,113學年,二年下,第九課,,18,波,8,,波,波浪,,
康軒,113學年,二年下,第九課,,19,浪,10,,浪,浪費,,
康軒,113學年,二年下,第九課,,20,掀,11,,掀,掀起,,
康軒,113學年,二年下,第十課,,1,險,16,,險,探險,,
康軒,113學年,二年下,第十課,,2,詩,13,,詩,詩歌,,
康軒,113學年,二年下,第十課,,3,科,9,,科,科學,,
康軒,113學年,二年下,第十課,,4,創,12,,創,創意,,
康軒,113學年,二年下,第十課,,5,限,9,,限,限制,,
康軒,113學年,二年下,第十課,,6,古,5,,古,古代,,
康軒,113學年,二年下,第十課,,7,世,5,,世,世界,,
康軒,113學年,二年下,第十課,,8,界,9,,界,界線,,
康軒,113學年,二年下,第十課,,9,任,6,,任,任何,,
康軒,113學年,二年下,第十課,,10,悠,11,,悠,悠遊卡,,
康軒,113學年,二年下,第十課,,11,曲,6,,曲,歌曲,,
康軒,113學年,二年下,第十課,,12,端,14,,端,端午節,,
康軒,113學年,二年下,第十課,,13,追,10,,追,追求,,
康軒,113學年,二年下,第十課,,14,尋,12,,尋,尋找,,
康軒,113學年,二年下,第十課,,15,航,10,,航,航空,,
康軒,113學年,二年下,第十課,,16,頁,9,,頁,書頁,,
康軒,113學年,二年下,第十課,,17,精,14,,精,精采,,
康軒,113學年,二年下,第十課,,18,采,8,,采,采購,,
康軒,113學年,二年下,第十一課,,1,讀,22,,讀,讀書,,
康軒,113學年,二年下,第十一課,,2,圖,14,,圖,圖片,,
康軒,113學年,二年下,第十一課,,3,管,16,,管,博物館,,
康軒,113學年,二年下,第十一課,,4,參,11,,參,參加,,
康軒,113學年,二年下,第十一課,,5,題,18,,題,主題,,
康軒,113學年,二年下,第十一課,,6,士,3,,士,女士,,
康軒,113學年,二年下,第十一課,,7,講,17,,講,講話,,
康軒,113學年,二年下,第十一課,,8,甲,5,,甲,甲蟲,,
康軒,113學年,二年下,第十一課,,9,形,7,,形,外形,,
康軒,113學年,二年下,第十一課,,10,志,7,,志,志工,,
康軒,113學年,二年下,第十一課,,11,約,9,,約,約會,,
康軒,113學年,二年下,第十一課,,12,數,15,,數,數學,,
康軒,113學年,二年下,第十一課,,13,迎,8,,迎,歡迎,,
康軒,113學年,二年下,第十一課,,14,交,6,,交,交流,,
康軒,113學年,二年下,第十一課,,15,些,8,,些,這些,,
康軒,113學年,二年下,第十一課,,16,令,5,,令,令人,,
康軒,113學年,二年下,第十一課,,17,庫,10,,庫,寶庫,,
康軒,113學年,二年下,第十一課,,18,索,10,,索,探索,,
康軒,113學年,二年下,第十一課,,19,奧,13,,奧,奧秘,,
康軒,113學年,二年下,第十二課,,1,巨,5,,巨,巨人,,
康軒,113學年,二年下,第十二課,,2,累,11,,累,累贅,,
康軒,113學年,二年下,第十二課,,3,髮,15,,髮,頭髮,,
康軒,113學年,二年下,第十二課,,4,根,10,,根,樹根,,
康軒,113學年,二年下,第十二課,,5,牆,17,,牆,城牆,,
康軒,113學年,二年下,第十二課,,6,狂,7,,狂,狂風,,
康軒,113學年,二年下,第十二課,,7,呼,8,,呼,呼吸,,
康軒,113學年,二年下,第十二課,,8,差,10,,差,差異,,
康軒,113學年,二年下,第十二課,,9,尖,6,,尖,尖叫,,
康軒,113學年,二年下,第十二課,,10,睜,13,,睜,睜開,,
康軒,113學年,二年下,第十二課,,11,趕,14,,趕,趕緊,,
康軒,113學年,二年下,第十二課,,12,緊,14,,緊,緊張,,
康軒,113學年,二年下,第十二課,,13,餓,15,,餓,餓死,,
康軒,113學年,二年下,第十二課,,14,百,6,,百,一百,,
康軒,113學年,二年下,第十二課,,15,食,9,,食,食物,,
康軒,113學年,二年下,第十二課,,16,桶,11,,桶,木桶,,
康軒,113學年,二年下,第十二課,,17,倒,10,,倒,倒底,,
康軒,113學年,二年下,第十二課,,18,量,12,,量,分量,,
康軒,113學年,二年下,第十二課,,19,底,8,,底,底部,,
康軒,113學年,成語,上:第1課,成語,1,本末倒置,,,本末倒置,不知事情的輕重,,
康軒,113學年,成語,上:第1課,成語,2,自以為是,,,自以為是,比接受別人意見,,
康軒,113學年,成語,下:第1課,成語,1,五顏六色,,,五顏六色,各種顏色,,
康軒,113學年,成語,下:第2課,成語,1,分工合作,,,分工合作,大家合作,,
康軒,113學年,詞語,上:第1課,詞語,1,學年,,,學年,學年,,
康軒,113學年,詞語,上:第1課,詞語,2,希望,,,希望,希望,,
康軒,113學年,詞語,上:第1課,詞語,3,老師,,,老師,老師,,
康軒,113學年,詞語,下:第1課,詞語,1,顏色,,,顏色,顏色,,
康軒,113學年,詞語,下:第1課,詞語,2,池塘,,,池塘,池塘,,
康軒,113學年,詞語,下:第1課,詞語,3,蔚藍,,,蔚藍,蔚藍,,
康軒,113學年,詞語,下:第1課,詞語,4,湛藍,,,湛藍,湛藍,,
康軒,113學年,詞語,下:第1課,詞語,5,高興,,,高興,高興,,
康軒,113學年,詞語,下:第1課,詞語,6,田鼠,,,田鼠,田鼠,,
康軒,113學年,詞語,下:第1課,詞語,7,地洞,,,地洞,地洞,,
康軒,113學年,詞語,下:第1課,詞語,8,青翠,,,青翠,青翠,,
康軒,113學年,詞語,下:第1課,詞語,9,蜜蜂,,,蜜蜂,蜜蜂,,
康軒,113學年,詞語,下:第1課,詞語,10,蜂窩,,,蜂窩,蜂窩,,
康軒,113學年,詞語,下:第1課,詞語,11,粉紅,,,粉紅,粉紅,,
康軒,113學年,詞語,下:第1課,詞語,12,桃花,,,桃花,桃花,,
康軒,113學年,詞語,下:第1課,詞語,13,興奮,,,興奮,興奮,,
康軒,113學年,詞語,下:第1課,詞語,14,燕子,,,燕子,燕子,,
康軒,113學年,詞語,下:第1課,詞語,15,到處,,,到處,到處,,
康軒,113學年,詞語,下:第1課,詞語,16,景色,,,景色,景色,,
康軒,113學年,詞語,下:第1課,詞語,17,興趣,,,興趣,興趣,,
康軒,113學年,詞語,下:第1課,詞語,18,興建,,,興建,興建,,
康軒,113學年,詞語,下:第2課,詞語,1,驚喜,,,驚喜,驚喜,,
康軒,113學年,詞語,下:第2課,詞語,2,所以,,,所以,所以,,
康軒,113學年,詞語,下:第2課,詞語,3,房間,,,房間,房間,,
康軒,113學年,詞語,下:第2課,詞語,4,討論,,,討論,討論,,
康軒,113學年,詞語,下:第2課,詞語,5,裙子,,,裙子,裙子,,
康軒,113學年,詞語,下:第2課,詞語,6,而且,,,而且,而且,,
康軒,113學年,詞語,下:第2課,詞語,7,紫色,,,紫色,紫色,,
康軒,113學年,詞語,下:第2課,詞語,8,時候,,,時候,時候,,
康軒,113學年,詞語,下:第2課,詞語,9,慶生,,,慶生,慶生,,